msdrg_year,msdrg,msdrg_name
2011,999,UNGROUPABLE
2011,999,UNGROUPABLE
2011,20,INTRACRANIAL VASCULAR PROCEDURES W PDX HEMORRHAGE W MCC
2011,21,INTRACRANIAL VASCULAR PROCEDURES W PDX HEMORRHAGE W CC
2011,22,INTRACRANIAL VASCULAR PROCEDURES W PDX HEMORRHAGE W/O CC/MCC
2011,23,CRANIO W MAJOR DEV IMPL/ACUTE COMPLEX CNS PDX W MCC OR CHEMO IMPLANT
2011,24,CRANIO W MAJOR DEV IMPL/ACUTE COMPLEX CNS PDX W/O MCC
2011,25,CRANIOTOMY & ENDOVASCULAR INTRACRANIAL PROCEDURES W MCC
2011,26,CRANIOTOMY & ENDOVASCULAR INTRACRANIAL PROCEDURES W CC
2011,27,CRANIOTOMY & ENDOVASCULAR INTRACRANIAL PROCEDURES W/O CC/MCC
2011,28,SPINAL PROCEDURES W MCC
2011,29,SPINAL PROCEDURES W CC OR SPINAL NEUROSTIMULATORS
2011,30,SPINAL PROCEDURES W/O CC/MCC
2011,31,VENTRICULAR SHUNT PROCEDURES W MCC
2011,32,VENTRICULAR SHUNT PROCEDURES W CC
2011,33,VENTRICULAR SHUNT PROCEDURES W/O CC/MCC
2011,34,CAROTID ARTERY STENT PROCEDURE W MCC
2011,35,CAROTID ARTERY STENT PROCEDURE W CC
2011,36,CAROTID ARTERY STENT PROCEDURE W/O CC/MCC
2011,37,EXTRACRANIAL PROCEDURES W MCC
2011,38,EXTRACRANIAL PROCEDURES W CC
2011,39,EXTRACRANIAL PROCEDURES W/O CC/MCC
2011,40,PERIPH/CRANIAL NERVE & OTHER NERV SYST PROC W MCC
2011,41,PERIPH/CRANIAL NERVE & OTHER NERV SYST PROC W CC OR PERIPH NEUROSTIM
2011,42,PERIPH/CRANIAL NERVE & OTHER NERV SYST PROC W/O CC/MCC
2011,52,SPINAL DISORDERS & INJURIES W CC/MCC
2011,53,SPINAL DISORDERS & INJURIES W/O CC/MCC
2011,54,NERVOUS SYSTEM NEOPLASMS W MCC
2011,55,NERVOUS SYSTEM NEOPLASMS W/O MCC
2011,56,DEGENERATIVE NERVOUS SYSTEM DISORDERS W MCC
2011,57,DEGENERATIVE NERVOUS SYSTEM DISORDERS W/O MCC
2011,58,MULTIPLE SCLEROSIS & CEREBELLAR ATAXIA W MCC
2011,59,MULTIPLE SCLEROSIS & CEREBELLAR ATAXIA W CC
2011,60,MULTIPLE SCLEROSIS & CEREBELLAR ATAXIA W/O CC/MCC
2011,61,ACUTE ISCHEMIC STROKE W USE OF THROMBOLYTIC AGENT W MCC
2011,62,ACUTE ISCHEMIC STROKE W USE OF THROMBOLYTIC AGENT W CC
2011,63,ACUTE ISCHEMIC STROKE W USE OF THROMBOLYTIC AGENT W/O CC/MCC
2011,64,INTRACRANIAL HEMORRHAGE OR CEREBRAL INFARCTION W MCC
2011,65,INTRACRANIAL HEMORRHAGE OR CEREBRAL INFARCTION W CC
2011,66,INTRACRANIAL HEMORRHAGE OR CEREBRAL INFARCTION W/O CC/MCC
2011,67,NONSPECIFIC CVA & PRECEREBRAL OCCLUSION W/O INFARCT W MCC
2011,68,NONSPECIFIC CVA & PRECEREBRAL OCCLUSION W/O INFARCT W/O MCC
2011,69,TRANSIENT ISCHEMIA
2011,70,NONSPECIFIC CEREBROVASCULAR DISORDERS W MCC
2011,71,NONSPECIFIC CEREBROVASCULAR DISORDERS W CC
2011,72,NONSPECIFIC CEREBROVASCULAR DISORDERS W/O CC/MCC
2011,73,CRANIAL & PERIPHERAL NERVE DISORDERS W MCC
2011,74,CRANIAL & PERIPHERAL NERVE DISORDERS W/O MCC
2011,75,VIRAL MENINGITIS W CC/MCC
2011,76,VIRAL MENINGITIS W/O CC/MCC
2011,77,HYPERTENSIVE ENCEPHALOPATHY W MCC
2011,78,HYPERTENSIVE ENCEPHALOPATHY W CC
2011,79,HYPERTENSIVE ENCEPHALOPATHY W/O CC/MCC
2011,80,NONTRAUMATIC STUPOR & COMA W MCC
2011,81,NONTRAUMATIC STUPOR & COMA W/O MCC
2011,82,"TRAUMATIC STUPOR & COMA, COMA >1 HR W MCC"
2011,83,"TRAUMATIC STUPOR & COMA, COMA >1 HR W CC"
2011,84,"TRAUMATIC STUPOR & COMA, COMA >1 HR W/O CC/MCC"
2011,85,"TRAUMATIC STUPOR & COMA, COMA <1 HR W MCC"
2011,86,"TRAUMATIC STUPOR & COMA, COMA <1 HR W CC"
2011,87,"TRAUMATIC STUPOR & COMA, COMA <1 HR W/O CC/MCC"
2011,88,CONCUSSION W MCC
2011,89,CONCUSSION W CC
2011,90,CONCUSSION W/O CC/MCC
2011,91,OTHER DISORDERS OF NERVOUS SYSTEM W MCC
2011,92,OTHER DISORDERS OF NERVOUS SYSTEM W CC
2011,93,OTHER DISORDERS OF NERVOUS SYSTEM W/O CC/MCC
2011,94,BACTERIAL & TUBERCULOUS INFECTIONS OF NERVOUS SYSTEM W MCC
2011,95,BACTERIAL & TUBERCULOUS INFECTIONS OF NERVOUS SYSTEM W CC
2011,96,BACTERIAL & TUBERCULOUS INFECTIONS OF NERVOUS SYSTEM W/O CC/MCC
2011,97,NON-BACTERIAL INFECT OF NERVOUS SYS EXC VIRAL MENINGITIS W MCC
2011,98,NON-BACTERIAL INFECT OF NERVOUS SYS EXC VIRAL MENINGITIS W CC
2011,99,NON-BACTERIAL INFECT OF NERVOUS SYS EXC VIRAL MENINGITIS W/O CC/MCC
2011,100,SEIZURES W MCC
2011,101,SEIZURES W/O MCC
2011,102,HEADACHES W MCC
2011,103,HEADACHES W/O MCC
2011,20,INTRACRANIAL VASCULAR PROCEDURES W PDX HEMORRHAGE W MCC
2011,21,INTRACRANIAL VASCULAR PROCEDURES W PDX HEMORRHAGE W CC
2011,22,INTRACRANIAL VASCULAR PROCEDURES W PDX HEMORRHAGE W/O CC/MCC
2011,23,CRANIO W MAJOR DEV IMPL/ACUTE COMPLEX CNS PDX W MCC OR CHEMO IMPL
2011,24,CRANIO W MAJOR DEV IMPL/ACUTE COMPLEX CNS PDX W/O MCC
2011,25,CRANIOTOMY & ENDOVASCULAR INTRACRANIAL PROCEDURES W MCC
2011,26,CRANIOTOMY & ENDOVASCULAR INTRACRANIAL PROCEDURES W CC
2011,27,CRANIOTOMY & ENDOVASCULAR INTRACRANIAL PROCEDURES W/O CC/MCC
2011,28,SPINAL PROCEDURES W MCC
2011,29,SPINAL PROCEDURES W CC OR SPINAL NEUROSTIMULATORS
2011,30,SPINAL PROCEDURES W/O CC/MCC
2011,31,VENTRICULAR SHUNT PROCEDURES W MCC
2011,32,VENTRICULAR SHUNT PROCEDURES W CC
2011,33,VENTRICULAR SHUNT PROCEDURES W/O CC/MCC
2011,34,CAROTID ARTERY STENT PROCEDURE W MCC
2011,35,CAROTID ARTERY STENT PROCEDURE W CC
2011,36,CAROTID ARTERY STENT PROCEDURE W/O CC/MCC
2011,37,EXTRACRANIAL PROCEDURES W MCC
2011,38,EXTRACRANIAL PROCEDURES W CC
2011,39,EXTRACRANIAL PROCEDURES W/O CC/MCC
2011,40,PERIPH/CRANIAL NERVE & OTHER NERV SYST PROC W MCC
2011,41,PERIPH/CRANIAL NERVE & OTHER NERV SYST PROC W CC OR PERIPH NEUROS
2011,42,PERIPH/CRANIAL NERVE & OTHER NERV SYST PROC W/O CC/MCC
2011,52,SPINAL DISORDERS & INJURIES W CC/MCC
2011,53,SPINAL DISORDERS & INJURIES W/O CC/MCC
2011,54,NERVOUS SYSTEM NEOPLASMS W MCC
2011,55,NERVOUS SYSTEM NEOPLASMS W/O MCC
2011,56,DEGENERATIVE NERVOUS SYSTEM DISORDERS W MCC
2011,57,DEGENERATIVE NERVOUS SYSTEM DISORDERS W/O MCC
2011,58,MULTIPLE SCLEROSIS & CEREBELLAR ATAXIA W MCC
2011,59,MULTIPLE SCLEROSIS & CEREBELLAR ATAXIA W CC
2011,60,MULTIPLE SCLEROSIS & CEREBELLAR ATAXIA W/O CC/MCC
2011,61,ACUTE ISCHEMIC STROKE W USE OF THROMBOLYTIC AGENT W MCC
2011,62,ACUTE ISCHEMIC STROKE W USE OF THROMBOLYTIC AGENT W CC
2011,63,ACUTE ISCHEMIC STROKE W USE OF THROMBOLYTIC AGENT W/O CC/MCC
2011,64,INTRACRANIAL HEMORRHAGE OR CEREBRAL INFARCTION W MCC
2011,65,INTRACRANIAL HEMORRHAGE OR CEREBRAL INFARCTION W CC
2011,66,INTRACRANIAL HEMORRHAGE OR CEREBRAL INFARCTION W/O CC/MCC
2011,67,NONSPECIFIC CVA & PRECEREBRAL OCCLUSION W/O INFARCT W MCC
2011,68,NONSPECIFIC CVA & PRECEREBRAL OCCLUSION W/O INFARCT W/O MCC
2011,69,TRANSIENT ISCHEMIA
2011,70,NONSPECIFIC CEREBROVASCULAR DISORDERS W MCC
2011,71,NONSPECIFIC CEREBROVASCULAR DISORDERS W CC
2011,72,NONSPECIFIC CEREBROVASCULAR DISORDERS W/O CC/MCC
2011,73,CRANIAL & PERIPHERAL NERVE DISORDERS W MCC
2011,74,CRANIAL & PERIPHERAL NERVE DISORDERS W/O MCC
2011,75,VIRAL MENINGITIS W CC/MCC
2011,76,VIRAL MENINGITIS W/O CC/MCC
2011,77,HYPERTENSIVE ENCEPHALOPATHY W MCC
2011,78,HYPERTENSIVE ENCEPHALOPATHY W CC
2011,79,HYPERTENSIVE ENCEPHALOPATHY W/O CC/MCC
2011,80,NONTRAUMATIC STUPOR & COMA W MCC
2011,81,NONTRAUMATIC STUPOR & COMA W/O MCC
2011,82,"TRAUMATIC STUPOR & COMA, COMA >1 HR W MCC"
2011,83,"TRAUMATIC STUPOR & COMA, COMA >1 HR W CC"
2011,84,"TRAUMATIC STUPOR & COMA, COMA >1 HR W/O CC/MCC"
2011,85,"TRAUMATIC STUPOR & COMA, COMA <1 HR W MCC"
2011,86,"TRAUMATIC STUPOR & COMA, COMA <1 HR W CC"
2011,87,"TRAUMATIC STUPOR & COMA, COMA <1 HR W/O CC/MCC"
2011,88,CONCUSSION W MCC
2011,89,CONCUSSION W CC
2011,90,CONCUSSION W/O CC/MCC
2011,91,OTHER DISORDERS OF NERVOUS SYSTEM W MCC
2011,92,OTHER DISORDERS OF NERVOUS SYSTEM W CC
2011,93,OTHER DISORDERS OF NERVOUS SYSTEM W/O CC/MCC
2011,94,BACTERIAL & TUBERCULOUS INFECTIONS OF NERVOUS SYSTEM W MCC
2011,95,BACTERIAL & TUBERCULOUS INFECTIONS OF NERVOUS SYSTEM W CC
2011,96,BACTERIAL & TUBERCULOUS INFECTIONS OF NERVOUS SYSTEM W/O CC/MCC
2011,97,NON-BACTERIAL INFECT OF NERVOUS SYS EXC VIRAL MENINGITIS W MCC
2011,98,NON-BACTERIAL INFECT OF NERVOUS SYS EXC VIRAL MENINGITIS W CC
2011,99,NON-BACTERIAL INFECT OF NERVOUS SYS EXC VIRAL MENINGITIS W/O CC/M
2011,100,SEIZURES W MCC
2011,101,SEIZURES W/O MCC
2011,102,HEADACHES W MCC
2011,103,HEADACHES W/O MCC
2011,113,ORBITAL PROCEDURES W CC/MCC
2011,114,ORBITAL PROCEDURES W/O CC/MCC
2011,115,EXTRAOCULAR PROCEDURES EXCEPT ORBIT
2011,116,INTRAOCULAR PROCEDURES W CC/MCC
2011,117,INTRAOCULAR PROCEDURES W/O CC/MCC
2011,121,ACUTE MAJOR EYE INFECTIONS W CC/MCC
2011,122,ACUTE MAJOR EYE INFECTIONS W/O CC/MCC
2011,123,NEUROLOGICAL EYE DISORDERS
2011,124,OTHER DISORDERS OF THE EYE W MCC
2011,125,OTHER DISORDERS OF THE EYE W/O MCC
2011,113,ORBITAL PROCEDURES W CC/MCC
2011,114,ORBITAL PROCEDURES W/O CC/MCC
2011,115,EXTRAOCULAR PROCEDURES EXCEPT ORBIT
2011,116,INTRAOCULAR PROCEDURES W CC/MCC
2011,117,INTRAOCULAR PROCEDURES W/O CC/MCC
2011,121,ACUTE MAJOR EYE INFECTIONS W CC/MCC
2011,122,ACUTE MAJOR EYE INFECTIONS W/O CC/MCC
2011,123,NEUROLOGICAL EYE DISORDERS
2011,124,OTHER DISORDERS OF THE EYE W MCC
2011,125,OTHER DISORDERS OF THE EYE W/O MCC
2011,129,MAJOR HEAD & NECK PROCEDURES W CC/MCC OR MAJOR DEVICE
2011,130,MAJOR HEAD & NECK PROCEDURES W/O CC/MCC
2011,131,CRANIAL/FACIAL PROCEDURES W CC/MCC
2011,132,CRANIAL/FACIAL PROCEDURES W/O CC/MCC
2011,133,"OTHER EAR, NOSE, MOUTH & THROAT O.R. PROCEDURES W CC/MCC"
2011,134,"OTHER EAR, NOSE, MOUTH & THROAT O.R. PROCEDURES W/O CC/MCC"
2011,135,SINUS & MASTOID PROCEDURES W CC/MCC
2011,136,SINUS & MASTOID PROCEDURES W/O CC/MCC
2011,137,MOUTH PROCEDURES W CC/MCC
2011,138,MOUTH PROCEDURES W/O CC/MCC
2011,139,SALIVARY GLAND PROCEDURES
2011,146,"EAR, NOSE, MOUTH & THROAT MALIGNANCY W MCC"
2011,147,"EAR, NOSE, MOUTH & THROAT MALIGNANCY W CC"
2011,148,"EAR, NOSE, MOUTH & THROAT MALIGNANCY W/O CC/MCC"
2011,149,DYSEQUILIBRIUM
2011,150,EPISTAXIS W MCC
2011,151,EPISTAXIS W/O MCC
2011,152,OTITIS MEDIA & URI W MCC
2011,153,OTITIS MEDIA & URI W/O MCC
2011,154,"OTHER EAR, NOSE, MOUTH & THROAT DIAGNOSES W MCC"
2011,155,"OTHER EAR, NOSE, MOUTH & THROAT DIAGNOSES W CC"
2011,156,"OTHER EAR, NOSE, MOUTH & THROAT DIAGNOSES W/O CC/MCC"
2011,157,DENTAL & ORAL DISEASES W MCC
2011,158,DENTAL & ORAL DISEASES W CC
2011,159,DENTAL & ORAL DISEASES W/O CC/MCC
2011,129,MAJOR HEAD & NECK PROCEDURES W CC/MCC OR MAJOR DEVICE
2011,130,MAJOR HEAD & NECK PROCEDURES W/O CC/MCC
2011,131,CRANIAL/FACIAL PROCEDURES W CC/MCC
2011,132,CRANIAL/FACIAL PROCEDURES W/O CC/MCC
2011,133,"OTHER EAR, NOSE, MOUTH & THROAT O.R. PROCEDURES W CC/MCC"
2011,134,"OTHER EAR, NOSE, MOUTH & THROAT O.R. PROCEDURES W/O CC/MCC"
2011,135,SINUS & MASTOID PROCEDURES W CC/MCC
2011,136,SINUS & MASTOID PROCEDURES W/O CC/MCC
2011,137,MOUTH PROCEDURES W CC/MCC
2011,138,MOUTH PROCEDURES W/O CC/MCC
2011,139,SALIVARY GLAND PROCEDURES
2011,146,"EAR, NOSE, MOUTH & THROAT MALIGNANCY W MCC"
2011,147,"EAR, NOSE, MOUTH & THROAT MALIGNANCY W CC"
2011,148,"EAR, NOSE, MOUTH & THROAT MALIGNANCY W/O CC/MCC"
2011,149,DYSEQUILIBRIUM
2011,150,EPISTAXIS W MCC
2011,151,EPISTAXIS W/O MCC
2011,152,OTITIS MEDIA & URI W MCC
2011,153,OTITIS MEDIA & URI W/O MCC
2011,154,"OTHER EAR, NOSE, MOUTH & THROAT DIAGNOSES W MCC"
2011,155,"OTHER EAR, NOSE, MOUTH & THROAT DIAGNOSES W CC"
2011,156,"OTHER EAR, NOSE, MOUTH & THROAT DIAGNOSES W/O CC/MCC"
2011,157,DENTAL & ORAL DISEASES W MCC
2011,158,DENTAL & ORAL DISEASES W CC
2011,159,DENTAL & ORAL DISEASES W/O CC/MCC
2011,163,MAJOR CHEST PROCEDURES W MCC
2011,164,MAJOR CHEST PROCEDURES W CC
2011,165,MAJOR CHEST PROCEDURES W/O CC/MCC
2011,166,OTHER RESP SYSTEM O.R. PROCEDURES W MCC
2011,167,OTHER RESP SYSTEM O.R. PROCEDURES W CC
2011,168,OTHER RESP SYSTEM O.R. PROCEDURES W/O CC/MCC
2011,175,PULMONARY EMBOLISM W MCC
2011,176,PULMONARY EMBOLISM W/O MCC
2011,177,RESPIRATORY INFECTIONS & INFLAMMATIONS W MCC
2011,178,RESPIRATORY INFECTIONS & INFLAMMATIONS W CC
2011,179,RESPIRATORY INFECTIONS & INFLAMMATIONS W/O CC/MCC
2011,180,RESPIRATORY NEOPLASMS W MCC
2011,181,RESPIRATORY NEOPLASMS W CC
2011,182,RESPIRATORY NEOPLASMS W/O CC/MCC
2011,183,MAJOR CHEST TRAUMA W MCC
2011,184,MAJOR CHEST TRAUMA W CC
2011,185,MAJOR CHEST TRAUMA W/O CC/MCC
2011,186,PLEURAL EFFUSION W MCC
2011,187,PLEURAL EFFUSION W CC
2011,188,PLEURAL EFFUSION W/O CC/MCC
2011,189,PULMONARY EDEMA & RESPIRATORY FAILURE
2011,190,CHRONIC OBSTRUCTIVE PULMONARY DISEASE W MCC
2011,191,CHRONIC OBSTRUCTIVE PULMONARY DISEASE W CC
2011,192,CHRONIC OBSTRUCTIVE PULMONARY DISEASE W/O CC/MCC
2011,193,SIMPLE PNEUMONIA & PLEURISY W MCC
2011,194,SIMPLE PNEUMONIA & PLEURISY W CC
2011,195,SIMPLE PNEUMONIA & PLEURISY W/O CC/MCC
2011,196,INTERSTITIAL LUNG DISEASE W MCC
2011,197,INTERSTITIAL LUNG DISEASE W CC
2011,198,INTERSTITIAL LUNG DISEASE W/O CC/MCC
2011,199,PNEUMOTHORAX W MCC
2011,200,PNEUMOTHORAX W CC
2011,201,PNEUMOTHORAX W/O CC/MCC
2011,202,BRONCHITIS & ASTHMA W CC/MCC
2011,203,BRONCHITIS & ASTHMA W/O CC/MCC
2011,204,RESPIRATORY SIGNS & SYMPTOMS
2011,205,OTHER RESPIRATORY SYSTEM DIAGNOSES W MCC
2011,206,OTHER RESPIRATORY SYSTEM DIAGNOSES W/O MCC
2011,207,RESPIRATORY SYSTEM DIAGNOSIS W VENTILATOR SUPPORT 96+ HOURS
2011,208,RESPIRATORY SYSTEM DIAGNOSIS W VENTILATOR SUPPORT <96 HOURS
2011,163,MAJOR CHEST PROCEDURES W MCC
2011,164,MAJOR CHEST PROCEDURES W CC
2011,165,MAJOR CHEST PROCEDURES W/O CC/MCC
2011,166,OTHER RESP SYSTEM O.R. PROCEDURES W MCC
2011,167,OTHER RESP SYSTEM O.R. PROCEDURES W CC
2011,168,OTHER RESP SYSTEM O.R. PROCEDURES W/O CC/MCC
2011,175,PULMONARY EMBOLISM W MCC
2011,176,PULMONARY EMBOLISM W/O MCC
2011,177,RESPIRATORY INFECTIONS & INFLAMMATIONS W MCC
2011,178,RESPIRATORY INFECTIONS & INFLAMMATIONS W CC
2011,179,RESPIRATORY INFECTIONS & INFLAMMATIONS W/O CC/MCC
2011,180,RESPIRATORY NEOPLASMS W MCC
2011,181,RESPIRATORY NEOPLASMS W CC
2011,182,RESPIRATORY NEOPLASMS W/O CC/MCC
2011,183,MAJOR CHEST TRAUMA W MCC
2011,184,MAJOR CHEST TRAUMA W CC
2011,185,MAJOR CHEST TRAUMA W/O CC/MCC
2011,186,PLEURAL EFFUSION W MCC
2011,187,PLEURAL EFFUSION W CC
2011,188,PLEURAL EFFUSION W/O CC/MCC
2011,189,PULMONARY EDEMA & RESPIRATORY FAILURE
2011,190,CHRONIC OBSTRUCTIVE PULMONARY DISEASE W MCC
2011,191,CHRONIC OBSTRUCTIVE PULMONARY DISEASE W CC
2011,192,CHRONIC OBSTRUCTIVE PULMONARY DISEASE W/O CC/MCC
2011,193,SIMPLE PNEUMONIA & PLEURISY W MCC
2011,194,SIMPLE PNEUMONIA & PLEURISY W CC
2011,195,SIMPLE PNEUMONIA & PLEURISY W/O CC/MCC
2011,196,INTERSTITIAL LUNG DISEASE W MCC
2011,197,INTERSTITIAL LUNG DISEASE W CC
2011,198,INTERSTITIAL LUNG DISEASE W/O CC/MCC
2011,199,PNEUMOTHORAX W MCC
2011,200,PNEUMOTHORAX W CC
2011,201,PNEUMOTHORAX W/O CC/MCC
2011,202,BRONCHITIS & ASTHMA W CC/MCC
2011,203,BRONCHITIS & ASTHMA W/O CC/MCC
2011,204,RESPIRATORY SIGNS & SYMPTOMS
2011,205,OTHER RESPIRATORY SYSTEM DIAGNOSES W MCC
2011,206,OTHER RESPIRATORY SYSTEM DIAGNOSES W/O MCC
2011,207,RESPIRATORY SYSTEM DIAGNOSIS W VENTILATOR SUPPORT 96+ HOURS
2011,208,RESPIRATORY SYSTEM DIAGNOSIS W VENTILATOR SUPPORT <96 HOURS
2011,215,OTHER HEART ASSIST SYSTEM IMPLANT
2011,216,CARDIAC VALVE & OTH MAJ CARDIOTHORACIC PROC W CARD CATH W MCC
2011,217,CARDIAC VALVE & OTH MAJ CARDIOTHORACIC PROC W CARD CATH W CC
2011,218,CARDIAC VALVE & OTH MAJ CARDIOTHORACIC PROC W CARD CATH W/O CC/MCC
2011,219,CARDIAC VALVE & OTH MAJ CARDIOTHORACIC PROC W/O CARD CATH W MCC
2011,220,CARDIAC VALVE & OTH MAJ CARDIOTHORACIC PROC W/O CARD CATH W CC
2011,221,CARDIAC VALVE & OTH MAJ CARDIOTHORACIC PROC W/O CARD CATH W/O CC/MCC
2011,222,CARDIAC DEFIB IMPLANT W CARDIAC CATH W AMI/HF/SHOCK W MCC
2011,223,CARDIAC DEFIB IMPLANT W CARDIAC CATH W AMI/HF/SHOCK W/O MCC
2011,224,CARDIAC DEFIB IMPLANT W CARDIAC CATH W/O AMI/HF/SHOCK W MCC
2011,225,CARDIAC DEFIB IMPLANT W CARDIAC CATH W/O AMI/HF/SHOCK W/O MCC
2011,226,CARDIAC DEFIBRILLATOR IMPLANT W/O CARDIAC CATH W MCC
2011,227,CARDIAC DEFIBRILLATOR IMPLANT W/O CARDIAC CATH W/O MCC
2011,228,OTHER CARDIOTHORACIC PROCEDURES W MCC
2011,229,OTHER CARDIOTHORACIC PROCEDURES W CC
2011,230,OTHER CARDIOTHORACIC PROCEDURES W/O CC/MCC
2011,231,CORONARY BYPASS W PTCA W MCC
2011,232,CORONARY BYPASS W PTCA W/O MCC
2011,233,CORONARY BYPASS W CARDIAC CATH W MCC
2011,234,CORONARY BYPASS W CARDIAC CATH W/O MCC
2011,235,CORONARY BYPASS W/O CARDIAC CATH W MCC
2011,236,CORONARY BYPASS W/O CARDIAC CATH W/O MCC
2011,237,MAJOR CARDIOVASC PROCEDURES W MCC OR THORACIC AORTIC ANEURYSM REPAIR
2011,238,MAJOR CARDIOVASC PROCEDURES W/O MCC
2011,239,AMPUTATION FOR CIRC SYS DISORDERS EXC UPPER LIMB & TOE W MCC
2011,240,AMPUTATION FOR CIRC SYS DISORDERS EXC UPPER LIMB & TOE W CC
2011,241,AMPUTATION FOR CIRC SYS DISORDERS EXC UPPER LIMB & TOE W/O CC/MCC
2011,242,PERMANENT CARDIAC PACEMAKER IMPLANT W MCC
2011,243,PERMANENT CARDIAC PACEMAKER IMPLANT W CC
2011,244,PERMANENT CARDIAC PACEMAKER IMPLANT W/O CC/MCC
2011,245,AICD GENERATOR PROCEDURES
2011,246,PERC CARDIOVASC PROC W DRUG-ELUTING STENT W MCC OR 4+ VESSELS/STENTS
2011,247,PERC CARDIOVASC PROC W DRUG-ELUTING STENT W/O MCC
2011,248,PERC CARDIOVASC PROC W NON-DRUG-ELUTING STENT W MCC OR 4+ VES/STENTS
2011,249,PERC CARDIOVASC PROC W NON-DRUG-ELUTING STENT W/O MCC
2011,250,PERC CARDIOVASC PROC W/O CORONARY ARTERY STENT W MCC
2011,251,PERC CARDIOVASC PROC W/O CORONARY ARTERY STENT W/O MCC
2011,252,OTHER VASCULAR PROCEDURES W MCC
2011,253,OTHER VASCULAR PROCEDURES W CC
2011,254,OTHER VASCULAR PROCEDURES W/O CC/MCC
2011,255,UPPER LIMB & TOE AMPUTATION FOR CIRC SYSTEM DISORDERS W MCC
2011,256,UPPER LIMB & TOE AMPUTATION FOR CIRC SYSTEM DISORDERS W CC
2011,257,UPPER LIMB & TOE AMPUTATION FOR CIRC SYSTEM DISORDERS W/O CC/MCC
2011,258,CARDIAC PACEMAKER DEVICE REPLACEMENT W MCC
2011,259,CARDIAC PACEMAKER DEVICE REPLACEMENT W/O MCC
2011,260,CARDIAC PACEMAKER REVISION EXCEPT DEVICE REPLACEMENT W MCC
2011,261,CARDIAC PACEMAKER REVISION EXCEPT DEVICE REPLACEMENT W CC
2011,262,CARDIAC PACEMAKER REVISION EXCEPT DEVICE REPLACEMENT W/O CC/MCC
2011,263,VEIN LIGATION & STRIPPING
2011,264,OTHER CIRCULATORY SYSTEM O.R. PROCEDURES
2011,265,AICD LEAD PROCEDURES
2011,280,"ACUTE MYOCARDIAL INFARCTION, DISCHARGED ALIVE W MCC"
2011,281,"ACUTE MYOCARDIAL INFARCTION, DISCHARGED ALIVE W CC"
2011,282,"ACUTE MYOCARDIAL INFARCTION, DISCHARGED ALIVE W/O CC/MCC"
2011,283,"ACUTE MYOCARDIAL INFARCTION, EXPIRED W MCC"
2011,284,"ACUTE MYOCARDIAL INFARCTION, EXPIRED W CC"
2011,285,"ACUTE MYOCARDIAL INFARCTION, EXPIRED W/O CC/MCC"
2011,286,"CIRCULATORY DISORDERS EXCEPT AMI, W CARD CATH W MCC"
2011,287,"CIRCULATORY DISORDERS EXCEPT AMI, W CARD CATH W/O MCC"
2011,288,ACUTE & SUBACUTE ENDOCARDITIS W MCC
2011,289,ACUTE & SUBACUTE ENDOCARDITIS W CC
2011,290,ACUTE & SUBACUTE ENDOCARDITIS W/O CC/MCC
2011,291,HEART FAILURE & SHOCK W MCC
2011,292,HEART FAILURE & SHOCK W CC
2011,293,HEART FAILURE & SHOCK W/O CC/MCC
2011,294,DEEP VEIN THROMBOPHLEBITIS W CC/MCC
2011,295,DEEP VEIN THROMBOPHLEBITIS W/O CC/MCC
2011,296,"CARDIAC ARREST, UNEXPLAINED W MCC"
2011,297,"CARDIAC ARREST, UNEXPLAINED W CC"
2011,298,"CARDIAC ARREST, UNEXPLAINED W/O CC/MCC"
2011,299,PERIPHERAL VASCULAR DISORDERS W MCC
2011,300,PERIPHERAL VASCULAR DISORDERS W CC
2011,301,PERIPHERAL VASCULAR DISORDERS W/O CC/MCC
2011,302,ATHEROSCLEROSIS W MCC
2011,303,ATHEROSCLEROSIS W/O MCC
2011,304,HYPERTENSION W MCC
2011,305,HYPERTENSION W/O MCC
2011,306,CARDIAC CONGENITAL & VALVULAR DISORDERS W MCC
2011,307,CARDIAC CONGENITAL & VALVULAR DISORDERS W/O MCC
2011,308,CARDIAC ARRHYTHMIA & CONDUCTION DISORDERS W MCC
2011,309,CARDIAC ARRHYTHMIA & CONDUCTION DISORDERS W CC
2011,310,CARDIAC ARRHYTHMIA & CONDUCTION DISORDERS W/O CC/MCC
2011,311,ANGINA PECTORIS
2011,312,SYNCOPE & COLLAPSE
2011,313,CHEST PAIN
2011,314,OTHER CIRCULATORY SYSTEM DIAGNOSES W MCC
2011,315,OTHER CIRCULATORY SYSTEM DIAGNOSES W CC
2011,316,OTHER CIRCULATORY SYSTEM DIAGNOSES W/O CC/MCC
2011,215,OTHER HEART ASSIST SYSTEM IMPLANT
2011,216,CARDIAC VALVE & OTH MAJ CARDIOTHORACIC PROC W CARD CATH W MCC
2011,217,CARDIAC VALVE & OTH MAJ CARDIOTHORACIC PROC W CARD CATH W CC
2011,218,CARDIAC VALVE & OTH MAJ CARDIOTHORACIC PROC W CARD CATH W/O CC/MC
2011,219,CARDIAC VALVE & OTH MAJ CARDIOTHORACIC PROC W/O CARD CATH W MCC
2011,220,CARDIAC VALVE & OTH MAJ CARDIOTHORACIC PROC W/O CARD CATH W CC
2011,221,CARDIAC VALVE & OTH MAJ CARDIOTHORACIC PROC W/O CARD CATH W/O CC/
2011,222,CARDIAC DEFIB IMPLANT W CARDIAC CATH W AMI/HF/SHOCK W MCC
2011,223,CARDIAC DEFIB IMPLANT W CARDIAC CATH W AMI/HF/SHOCK W/O MCC
2011,224,CARDIAC DEFIB IMPLANT W CARDIAC CATH W/O AMI/HF/SHOCK W MCC
2011,225,CARDIAC DEFIB IMPLANT W CARDIAC CATH W/O AMI/HF/SHOCK W/O MCC
2011,226,CARDIAC DEFIBRILLATOR IMPLANT W/O CARDIAC CATH W MCC
2011,227,CARDIAC DEFIBRILLATOR IMPLANT W/O CARDIAC CATH W/O MCC
2011,228,OTHER CARDIOTHORACIC PROCEDURES W MCC
2011,229,OTHER CARDIOTHORACIC PROCEDURES W CC
2011,230,OTHER CARDIOTHORACIC PROCEDURES W/O CC/MCC
2011,231,CORONARY BYPASS W PTCA W MCC
2011,232,CORONARY BYPASS W PTCA W/O MCC
2011,233,CORONARY BYPASS W CARDIAC CATH W MCC
2011,234,CORONARY BYPASS W CARDIAC CATH W/O MCC
2011,235,CORONARY BYPASS W/O CARDIAC CATH W MCC
2011,236,CORONARY BYPASS W/O CARDIAC CATH W/O MCC
2011,237,MAJOR CARDIOVASC PROCEDURES W MCC
2011,238,MAJOR CARDIOVASC PROCEDURES W/O MCC
2011,239,AMPUTATION FOR CIRC SYS DISORDERS EXC UPPER LIMB & TOE W MCC
2011,240,AMPUTATION FOR CIRC SYS DISORDERS EXC UPPER LIMB & TOE W CC
2011,241,AMPUTATION FOR CIRC SYS DISORDERS EXC UPPER LIMB & TOE W/O CC/MCC
2011,242,PERMANENT CARDIAC PACEMAKER IMPLANT W MCC
2011,243,PERMANENT CARDIAC PACEMAKER IMPLANT W CC
2011,244,PERMANENT CARDIAC PACEMAKER IMPLANT W/O CC/MCC
2011,245,AICD GENERATOR PROCEDURES
2011,246,PERC CARDIOVASC PROC W DRUG-ELUTING STENT W MCC OR 4+ VESSELS/STE
2011,247,PERC CARDIOVASC PROC W DRUG-ELUTING STENT W/O MCC
2011,248,PERC CARDIOVASC PROC W NON-DRUG-ELUTING STENT W MCC OR 4+ VES/STE
2011,249,PERC CARDIOVASC PROC W NON-DRUG-ELUTING STENT W/O MCC
2011,250,PERC CARDIOVASC PROC W/O CORONARY ARTERY STENT W MCC
2011,251,PERC CARDIOVASC PROC W/O CORONARY ARTERY STENT W/O MCC
2011,252,OTHER VASCULAR PROCEDURES W MCC
2011,253,OTHER VASCULAR PROCEDURES W CC
2011,254,OTHER VASCULAR PROCEDURES W/O CC/MCC
2011,255,UPPER LIMB & TOE AMPUTATION FOR CIRC SYSTEM DISORDERS W MCC
2011,256,UPPER LIMB & TOE AMPUTATION FOR CIRC SYSTEM DISORDERS W CC
2011,257,UPPER LIMB & TOE AMPUTATION FOR CIRC SYSTEM DISORDERS W/O CC/MCC
2011,258,CARDIAC PACEMAKER DEVICE REPLACEMENT W MCC
2011,259,CARDIAC PACEMAKER DEVICE REPLACEMENT W/O MCC
2011,260,CARDIAC PACEMAKER REVISION EXCEPT DEVICE REPLACEMENT W MCC
2011,261,CARDIAC PACEMAKER REVISION EXCEPT DEVICE REPLACEMENT W CC
2011,262,CARDIAC PACEMAKER REVISION EXCEPT DEVICE REPLACEMENT W/O CC/MCC
2011,263,VEIN LIGATION & STRIPPING
2011,264,OTHER CIRCULATORY SYSTEM O.R. PROCEDURES
2011,265,AICD LEAD PROCEDURES
2011,280,"ACUTE MYOCARDIAL INFARCTION, DISCHARGED ALIVE W MCC"
2011,281,"ACUTE MYOCARDIAL INFARCTION, DISCHARGED ALIVE W CC"
2011,282,"ACUTE MYOCARDIAL INFARCTION, DISCHARGED ALIVE W/O CC/MCC"
2011,283,"ACUTE MYOCARDIAL INFARCTION, EXPIRED W MCC"
2011,284,"ACUTE MYOCARDIAL INFARCTION, EXPIRED W CC"
2011,285,"ACUTE MYOCARDIAL INFARCTION, EXPIRED W/O CC/MCC"
2011,286,"CIRCULATORY DISORDERS EXCEPT AMI, W CARD CATH W MCC"
2011,287,"CIRCULATORY DISORDERS EXCEPT AMI, W CARD CATH W/O MCC"
2011,288,ACUTE & SUBACUTE ENDOCARDITIS W MCC
2011,289,ACUTE & SUBACUTE ENDOCARDITIS W CC
2011,290,ACUTE & SUBACUTE ENDOCARDITIS W/O CC/MCC
2011,291,HEART FAILURE & SHOCK W MCC
2011,292,HEART FAILURE & SHOCK W CC
2011,293,HEART FAILURE & SHOCK W/O CC/MCC
2011,294,DEEP VEIN THROMBOPHLEBITIS W CC/MCC
2011,295,DEEP VEIN THROMBOPHLEBITIS W/O CC/MCC
2011,296,"CARDIAC ARREST, UNEXPLAINED W MCC"
2011,297,"CARDIAC ARREST, UNEXPLAINED W CC"
2011,298,"CARDIAC ARREST, UNEXPLAINED W/O CC/MCC"
2011,299,PERIPHERAL VASCULAR DISORDERS W MCC
2011,300,PERIPHERAL VASCULAR DISORDERS W CC
2011,301,PERIPHERAL VASCULAR DISORDERS W/O CC/MCC
2011,302,ATHEROSCLEROSIS W MCC
2011,303,ATHEROSCLEROSIS W/O MCC
2011,304,HYPERTENSION W MCC
2011,305,HYPERTENSION W/O MCC
2011,306,CARDIAC CONGENITAL & VALVULAR DISORDERS W MCC
2011,307,CARDIAC CONGENITAL & VALVULAR DISORDERS W/O MCC
2011,308,CARDIAC ARRHYTHMIA & CONDUCTION DISORDERS W MCC
2011,309,CARDIAC ARRHYTHMIA & CONDUCTION DISORDERS W CC
2011,310,CARDIAC ARRHYTHMIA & CONDUCTION DISORDERS W/O CC/MCC
2011,311,ANGINA PECTORIS
2011,312,SYNCOPE & COLLAPSE
2011,313,CHEST PAIN
2011,314,OTHER CIRCULATORY SYSTEM DIAGNOSES W MCC
2011,315,OTHER CIRCULATORY SYSTEM DIAGNOSES W CC
2011,316,OTHER CIRCULATORY SYSTEM DIAGNOSES W/O CC/MCC
2011,326,"STOMACH, ESOPHAGEAL & DUODENAL PROC W MCC"
2011,327,"STOMACH, ESOPHAGEAL & DUODENAL PROC W CC"
2011,328,"STOMACH, ESOPHAGEAL & DUODENAL PROC W/O CC/MCC"
2011,329,MAJOR SMALL & LARGE BOWEL PROCEDURES W MCC
2011,330,MAJOR SMALL & LARGE BOWEL PROCEDURES W CC
2011,331,MAJOR SMALL & LARGE BOWEL PROCEDURES W/O CC/MCC
2011,332,RECTAL RESECTION W MCC
2011,333,RECTAL RESECTION W CC
2011,334,RECTAL RESECTION W/O CC/MCC
2011,335,PERITONEAL ADHESIOLYSIS W MCC
2011,336,PERITONEAL ADHESIOLYSIS W CC
2011,337,PERITONEAL ADHESIOLYSIS W/O CC/MCC
2011,338,APPENDECTOMY W COMPLICATED PRINCIPAL DIAG W MCC
2011,339,APPENDECTOMY W COMPLICATED PRINCIPAL DIAG W CC
2011,340,APPENDECTOMY W COMPLICATED PRINCIPAL DIAG W/O CC/MCC
2011,341,APPENDECTOMY W/O COMPLICATED PRINCIPAL DIAG W MCC
2011,342,APPENDECTOMY W/O COMPLICATED PRINCIPAL DIAG W CC
2011,343,APPENDECTOMY W/O COMPLICATED PRINCIPAL DIAG W/O CC/MCC
2011,344,MINOR SMALL & LARGE BOWEL PROCEDURES W MCC
2011,345,MINOR SMALL & LARGE BOWEL PROCEDURES W CC
2011,346,MINOR SMALL & LARGE BOWEL PROCEDURES W/O CC/MCC
2011,347,ANAL & STOMAL PROCEDURES W MCC
2011,348,ANAL & STOMAL PROCEDURES W CC
2011,349,ANAL & STOMAL PROCEDURES W/O CC/MCC
2011,350,INGUINAL & FEMORAL HERNIA PROCEDURES W MCC
2011,351,INGUINAL & FEMORAL HERNIA PROCEDURES W CC
2011,352,INGUINAL & FEMORAL HERNIA PROCEDURES W/O CC/MCC
2011,353,HERNIA PROCEDURES EXCEPT INGUINAL & FEMORAL W MCC
2011,354,HERNIA PROCEDURES EXCEPT INGUINAL & FEMORAL W CC
2011,355,HERNIA PROCEDURES EXCEPT INGUINAL & FEMORAL W/O CC/MCC
2011,356,OTHER DIGESTIVE SYSTEM O.R. PROCEDURES W MCC
2011,357,OTHER DIGESTIVE SYSTEM O.R. PROCEDURES W CC
2011,358,OTHER DIGESTIVE SYSTEM O.R. PROCEDURES W/O CC/MCC
2011,368,MAJOR ESOPHAGEAL DISORDERS W MCC
2011,369,MAJOR ESOPHAGEAL DISORDERS W CC
2011,370,MAJOR ESOPHAGEAL DISORDERS W/O CC/MCC
2011,371,MAJOR GASTROINTESTINAL DISORDERS & PERITONEAL INFECTIONS W MCC
2011,372,MAJOR GASTROINTESTINAL DISORDERS & PERITONEAL INFECTIONS W CC
2011,373,MAJOR GASTROINTESTINAL DISORDERS & PERITONEAL INFECTIONS W/O CC/MCC
2011,374,DIGESTIVE MALIGNANCY W MCC
2011,375,DIGESTIVE MALIGNANCY W CC
2011,376,DIGESTIVE MALIGNANCY W/O CC/MCC
2011,377,G.I. HEMORRHAGE W MCC
2011,378,G.I. HEMORRHAGE W CC
2011,379,G.I. HEMORRHAGE W/O CC/MCC
2011,380,COMPLICATED PEPTIC ULCER W MCC
2011,381,COMPLICATED PEPTIC ULCER W CC
2011,382,COMPLICATED PEPTIC ULCER W/O CC/MCC
2011,383,UNCOMPLICATED PEPTIC ULCER W MCC
2011,384,UNCOMPLICATED PEPTIC ULCER W/O MCC
2011,385,INFLAMMATORY BOWEL DISEASE W MCC
2011,386,INFLAMMATORY BOWEL DISEASE W CC
2011,387,INFLAMMATORY BOWEL DISEASE W/O CC/MCC
2011,388,G.I. OBSTRUCTION W MCC
2011,389,G.I. OBSTRUCTION W CC
2011,390,G.I. OBSTRUCTION W/O CC/MCC
2011,391,"ESOPHAGITIS, GASTROENT & MISC DIGEST DISORDERS W MCC"
2011,392,"ESOPHAGITIS, GASTROENT & MISC DIGEST DISORDERS W/O MCC"
2011,393,OTHER DIGESTIVE SYSTEM DIAGNOSES W MCC
2011,394,OTHER DIGESTIVE SYSTEM DIAGNOSES W CC
2011,395,OTHER DIGESTIVE SYSTEM DIAGNOSES W/O CC/MCC
2011,326,"STOMACH, ESOPHAGEAL & DUODENAL PROC W MCC"
2011,327,"STOMACH, ESOPHAGEAL & DUODENAL PROC W CC"
2011,328,"STOMACH, ESOPHAGEAL & DUODENAL PROC W/O CC/MCC"
2011,329,MAJOR SMALL & LARGE BOWEL PROCEDURES W MCC
2011,330,MAJOR SMALL & LARGE BOWEL PROCEDURES W CC
2011,331,MAJOR SMALL & LARGE BOWEL PROCEDURES W/O CC/MCC
2011,332,RECTAL RESECTION W MCC
2011,333,RECTAL RESECTION W CC
2011,334,RECTAL RESECTION W/O CC/MCC
2011,335,PERITONEAL ADHESIOLYSIS W MCC
2011,336,PERITONEAL ADHESIOLYSIS W CC
2011,337,PERITONEAL ADHESIOLYSIS W/O CC/MCC
2011,338,APPENDECTOMY W COMPLICATED PRINCIPAL DIAG W MCC
2011,339,APPENDECTOMY W COMPLICATED PRINCIPAL DIAG W CC
2011,340,APPENDECTOMY W COMPLICATED PRINCIPAL DIAG W/O CC/MCC
2011,341,APPENDECTOMY W/O COMPLICATED PRINCIPAL DIAG W MCC
2011,342,APPENDECTOMY W/O COMPLICATED PRINCIPAL DIAG W CC
2011,343,APPENDECTOMY W/O COMPLICATED PRINCIPAL DIAG W/O CC/MCC
2011,344,MINOR SMALL & LARGE BOWEL PROCEDURES W MCC
2011,345,MINOR SMALL & LARGE BOWEL PROCEDURES W CC
2011,346,MINOR SMALL & LARGE BOWEL PROCEDURES W/O CC/MCC
2011,347,ANAL & STOMAL PROCEDURES W MCC
2011,348,ANAL & STOMAL PROCEDURES W CC
2011,349,ANAL & STOMAL PROCEDURES W/O CC/MCC
2011,350,INGUINAL & FEMORAL HERNIA PROCEDURES W MCC
2011,351,INGUINAL & FEMORAL HERNIA PROCEDURES W CC
2011,352,INGUINAL & FEMORAL HERNIA PROCEDURES W/O CC/MCC
2011,353,HERNIA PROCEDURES EXCEPT INGUINAL & FEMORAL W MCC
2011,354,HERNIA PROCEDURES EXCEPT INGUINAL & FEMORAL W CC
2011,355,HERNIA PROCEDURES EXCEPT INGUINAL & FEMORAL W/O CC/MCC
2011,356,OTHER DIGESTIVE SYSTEM O.R. PROCEDURES W MCC
2011,357,OTHER DIGESTIVE SYSTEM O.R. PROCEDURES W CC
2011,358,OTHER DIGESTIVE SYSTEM O.R. PROCEDURES W/O CC/MCC
2011,368,MAJOR ESOPHAGEAL DISORDERS W MCC
2011,369,MAJOR ESOPHAGEAL DISORDERS W CC
2011,370,MAJOR ESOPHAGEAL DISORDERS W/O CC/MCC
2011,371,MAJOR GASTROINTESTINAL DISORDERS & PERITONEAL INFECTIONS W MCC
2011,372,MAJOR GASTROINTESTINAL DISORDERS & PERITONEAL INFECTIONS W CC
2011,373,MAJOR GASTROINTESTINAL DISORDERS & PERITONEAL INFECTIONS W/O CC/M
2011,374,DIGESTIVE MALIGNANCY W MCC
2011,375,DIGESTIVE MALIGNANCY W CC
2011,376,DIGESTIVE MALIGNANCY W/O CC/MCC
2011,377,G.I. HEMORRHAGE W MCC
2011,378,G.I. HEMORRHAGE W CC
2011,379,G.I. HEMORRHAGE W/O CC/MCC
2011,380,COMPLICATED PEPTIC ULCER W MCC
2011,381,COMPLICATED PEPTIC ULCER W CC
2011,382,COMPLICATED PEPTIC ULCER W/O CC/MCC
2011,383,UNCOMPLICATED PEPTIC ULCER W MCC
2011,384,UNCOMPLICATED PEPTIC ULCER W/O MCC
2011,385,INFLAMMATORY BOWEL DISEASE W MCC
2011,386,INFLAMMATORY BOWEL DISEASE W CC
2011,387,INFLAMMATORY BOWEL DISEASE W/O CC/MCC
2011,388,G.I. OBSTRUCTION W MCC
2011,389,G.I. OBSTRUCTION W CC
2011,390,G.I. OBSTRUCTION W/O CC/MCC
2011,391,"ESOPHAGITIS, GASTROENT & MISC DIGEST DISORDERS W MCC"
2011,392,"ESOPHAGITIS, GASTROENT & MISC DIGEST DISORDERS W/O MCC"
2011,393,OTHER DIGESTIVE SYSTEM DIAGNOSES W MCC
2011,394,OTHER DIGESTIVE SYSTEM DIAGNOSES W CC
2011,395,OTHER DIGESTIVE SYSTEM DIAGNOSES W/O CC/MCC
2011,405,"PANCREAS, LIVER & SHUNT PROCEDURES W MCC"
2011,406,"PANCREAS, LIVER & SHUNT PROCEDURES W CC"
2011,407,"PANCREAS, LIVER & SHUNT PROCEDURES W/O CC/MCC"
2011,408,BILIARY TRACT PROC EXCEPT ONLY CHOLECYST W OR W/O C.D.E. W MCC
2011,409,BILIARY TRACT PROC EXCEPT ONLY CHOLECYST W OR W/O C.D.E. W CC
2011,410,BILIARY TRACT PROC EXCEPT ONLY CHOLECYST W OR W/O C.D.E. W/O CC/MCC
2011,411,CHOLECYSTECTOMY W C.D.E. W MCC
2011,412,CHOLECYSTECTOMY W C.D.E. W CC
2011,413,CHOLECYSTECTOMY W C.D.E. W/O CC/MCC
2011,414,CHOLECYSTECTOMY EXCEPT BY LAPAROSCOPE W/O C.D.E. W MCC
2011,415,CHOLECYSTECTOMY EXCEPT BY LAPAROSCOPE W/O C.D.E. W CC
2011,416,CHOLECYSTECTOMY EXCEPT BY LAPAROSCOPE W/O C.D.E. W/O CC/MCC
2011,417,LAPAROSCOPIC CHOLECYSTECTOMY W/O C.D.E. W MCC
2011,418,LAPAROSCOPIC CHOLECYSTECTOMY W/O C.D.E. W CC
2011,419,LAPAROSCOPIC CHOLECYSTECTOMY W/O C.D.E. W/O CC/MCC
2011,420,HEPATOBILIARY DIAGNOSTIC PROCEDURES W MCC
2011,421,HEPATOBILIARY DIAGNOSTIC PROCEDURES W CC
2011,422,HEPATOBILIARY DIAGNOSTIC PROCEDURES W/O CC/MCC
2011,423,OTHER HEPATOBILIARY OR PANCREAS O.R. PROCEDURES W MCC
2011,424,OTHER HEPATOBILIARY OR PANCREAS O.R. PROCEDURES W CC
2011,425,OTHER HEPATOBILIARY OR PANCREAS O.R. PROCEDURES W/O CC/MCC
2011,432,CIRRHOSIS & ALCOHOLIC HEPATITIS W MCC
2011,433,CIRRHOSIS & ALCOHOLIC HEPATITIS W CC
2011,434,CIRRHOSIS & ALCOHOLIC HEPATITIS W/O CC/MCC
2011,435,MALIGNANCY OF HEPATOBILIARY SYSTEM OR PANCREAS W MCC
2011,436,MALIGNANCY OF HEPATOBILIARY SYSTEM OR PANCREAS W CC
2011,437,MALIGNANCY OF HEPATOBILIARY SYSTEM OR PANCREAS W/O CC/MCC
2011,438,DISORDERS OF PANCREAS EXCEPT MALIGNANCY W MCC
2011,439,DISORDERS OF PANCREAS EXCEPT MALIGNANCY W CC
2011,440,DISORDERS OF PANCREAS EXCEPT MALIGNANCY W/O CC/MCC
2011,441,"DISORDERS OF LIVER EXCEPT MALIG,CIRR,ALC HEPA W MCC"
2011,442,"DISORDERS OF LIVER EXCEPT MALIG,CIRR,ALC HEPA W CC"
2011,443,"DISORDERS OF LIVER EXCEPT MALIG,CIRR,ALC HEPA W/O CC/MCC"
2011,444,DISORDERS OF THE BILIARY TRACT W MCC
2011,445,DISORDERS OF THE BILIARY TRACT W CC
2011,446,DISORDERS OF THE BILIARY TRACT W/O CC/MCC
2011,405,"PANCREAS, LIVER & SHUNT PROCEDURES W MCC"
2011,406,"PANCREAS, LIVER & SHUNT PROCEDURES W CC"
2011,407,"PANCREAS, LIVER & SHUNT PROCEDURES W/O CC/MCC"
2011,408,BILIARY TRACT PROC EXCEPT ONLY CHOLECYST W OR W/O C.D.E. W MCC
2011,409,BILIARY TRACT PROC EXCEPT ONLY CHOLECYST W OR W/O C.D.E. W CC
2011,410,BILIARY TRACT PROC EXCEPT ONLY CHOLECYST W OR W/O C.D.E. W/O CC/M
2011,411,CHOLECYSTECTOMY W C.D.E. W MCC
2011,412,CHOLECYSTECTOMY W C.D.E. W CC
2011,413,CHOLECYSTECTOMY W C.D.E. W/O CC/MCC
2011,414,CHOLECYSTECTOMY EXCEPT BY LAPAROSCOPE W/O C.D.E. W MCC
2011,415,CHOLECYSTECTOMY EXCEPT BY LAPAROSCOPE W/O C.D.E. W CC
2011,416,CHOLECYSTECTOMY EXCEPT BY LAPAROSCOPE W/O C.D.E. W/O CC/MCC
2011,417,LAPAROSCOPIC CHOLECYSTECTOMY W/O C.D.E. W MCC
2011,418,LAPAROSCOPIC CHOLECYSTECTOMY W/O C.D.E. W CC
2011,419,LAPAROSCOPIC CHOLECYSTECTOMY W/O C.D.E. W/O CC/MCC
2011,420,HEPATOBILIARY DIAGNOSTIC PROCEDURES W MCC
2011,421,HEPATOBILIARY DIAGNOSTIC PROCEDURES W CC
2011,422,HEPATOBILIARY DIAGNOSTIC PROCEDURES W/O CC/MCC
2011,423,OTHER HEPATOBILIARY OR PANCREAS O.R. PROCEDURES W MCC
2011,424,OTHER HEPATOBILIARY OR PANCREAS O.R. PROCEDURES W CC
2011,425,OTHER HEPATOBILIARY OR PANCREAS O.R. PROCEDURES W/O CC/MCC
2011,432,CIRRHOSIS & ALCOHOLIC HEPATITIS W MCC
2011,433,CIRRHOSIS & ALCOHOLIC HEPATITIS W CC
2011,434,CIRRHOSIS & ALCOHOLIC HEPATITIS W/O CC/MCC
2011,435,MALIGNANCY OF HEPATOBILIARY SYSTEM OR PANCREAS W MCC
2011,436,MALIGNANCY OF HEPATOBILIARY SYSTEM OR PANCREAS W CC
2011,437,MALIGNANCY OF HEPATOBILIARY SYSTEM OR PANCREAS W/O CC/MCC
2011,438,DISORDERS OF PANCREAS EXCEPT MALIGNANCY W MCC
2011,439,DISORDERS OF PANCREAS EXCEPT MALIGNANCY W CC
2011,440,DISORDERS OF PANCREAS EXCEPT MALIGNANCY W/O CC/MCC
2011,441,"DISORDERS OF LIVER EXCEPT MALIG,CIRR,ALC HEPA W MCC"
2011,442,"DISORDERS OF LIVER EXCEPT MALIG,CIRR,ALC HEPA W CC"
2011,443,"DISORDERS OF LIVER EXCEPT MALIG,CIRR,ALC HEPA W/O CC/MCC"
2011,444,DISORDERS OF THE BILIARY TRACT W MCC
2011,445,DISORDERS OF THE BILIARY TRACT W CC
2011,446,DISORDERS OF THE BILIARY TRACT W/O CC/MCC
2011,453,COMBINED ANTERIOR/POSTERIOR SPINAL FUSION W MCC
2011,454,COMBINED ANTERIOR/POSTERIOR SPINAL FUSION W CC
2011,455,COMBINED ANTERIOR/POSTERIOR SPINAL FUSION W/O CC/MCC
2011,456,SPINAL FUS EXC CERV W SPINAL CURV/MALIG/INFEC OR 9+ FUS W MCC
2011,457,SPINAL FUS EXC CERV W SPINAL CURV/MALIG/INFEC OR 9+ FUS W CC
2011,458,SPINAL FUS EXC CERV W SPINAL CURV/MALIG/INFEC OR 9+ FUS W/O CC/MCC
2011,459,SPINAL FUSION EXCEPT CERVICAL W MCC
2011,460,SPINAL FUSION EXCEPT CERVICAL W/O MCC
2011,461,BILATERAL OR MULTIPLE MAJOR JOINT PROCS OF LOWER EXTREMITY W MCC
2011,462,BILATERAL OR MULTIPLE MAJOR JOINT PROCS OF LOWER EXTREMITY W/O MCC
2011,463,"WND DEBRID & SKN GRFT EXC HAND, FOR MUSCULO-CONN TISS DIS W MCC"
2011,464,"WND DEBRID & SKN GRFT EXC HAND, FOR MUSCULO-CONN TISS DIS W CC"
2011,465,"WND DEBRID & SKN GRFT EXC HAND, FOR MUSCULO-CONN TISS DIS W/O CC/MCC"
2011,466,REVISION OF HIP OR KNEE REPLACEMENT W MCC
2011,467,REVISION OF HIP OR KNEE REPLACEMENT W CC
2011,468,REVISION OF HIP OR KNEE REPLACEMENT W/O CC/MCC
2011,469,MAJOR JOINT REPLACEMENT OR REATTACHMENT OF LOWER EXTREMITY W MCC
2011,470,MAJOR JOINT REPLACEMENT OR REATTACHMENT OF LOWER EXTREMITY W/O MCC
2011,471,CERVICAL SPINAL FUSION W MCC
2011,472,CERVICAL SPINAL FUSION W CC
2011,473,CERVICAL SPINAL FUSION W/O CC/MCC
2011,474,AMPUTATION FOR MUSCULOSKELETAL SYS & CONN TISSUE DIS W MCC
2011,475,AMPUTATION FOR MUSCULOSKELETAL SYS & CONN TISSUE DIS W CC
2011,476,AMPUTATION FOR MUSCULOSKELETAL SYS & CONN TISSUE DIS W/O CC/MCC
2011,477,BIOPSIES OF MUSCULOSKELETAL SYSTEM & CONNECTIVE TISSUE W MCC
2011,478,BIOPSIES OF MUSCULOSKELETAL SYSTEM & CONNECTIVE TISSUE W CC
2011,479,BIOPSIES OF MUSCULOSKELETAL SYSTEM & CONNECTIVE TISSUE W/O CC/MCC
2011,480,HIP & FEMUR PROCEDURES EXCEPT MAJOR JOINT W MCC
2011,481,HIP & FEMUR PROCEDURES EXCEPT MAJOR JOINT W CC
2011,482,HIP & FEMUR PROCEDURES EXCEPT MAJOR JOINT W/O CC/MCC
2011,483,MAJOR JOINT & LIMB REATTACHMENT PROC OF UPPER EXTREMITY W CC/MCC
2011,484,MAJOR JOINT & LIMB REATTACHMENT PROC OF UPPER EXTREMITY W/O CC/MCC
2011,485,KNEE PROCEDURES W PDX OF INFECTION W MCC
2011,486,KNEE PROCEDURES W PDX OF INFECTION W CC
2011,487,KNEE PROCEDURES W PDX OF INFECTION W/O CC/MCC
2011,488,KNEE PROCEDURES W/O PDX OF INFECTION W CC/MCC
2011,489,KNEE PROCEDURES W/O PDX OF INFECTION W/O CC/MCC
2011,490,BACK & NECK PROC EXC SPINAL FUSION W CC/MCC OR DISC DEVICE/NEUROSTIM
2011,491,BACK & NECK PROC EXC SPINAL FUSION W/O CC/MCC
2011,492,"LOWER EXTREM & HUMER PROC EXCEPT HIP,FOOT,FEMUR W MCC"
2011,493,"LOWER EXTREM & HUMER PROC EXCEPT HIP,FOOT,FEMUR W CC"
2011,494,"LOWER EXTREM & HUMER PROC EXCEPT HIP,FOOT,FEMUR W/O CC/MCC"
2011,495,LOCAL EXCISION & REMOVAL INT FIX DEVICES EXC HIP & FEMUR W MCC
2011,496,LOCAL EXCISION & REMOVAL INT FIX DEVICES EXC HIP & FEMUR W CC
2011,497,LOCAL EXCISION & REMOVAL INT FIX DEVICES EXC HIP & FEMUR W/O CC/MCC
2011,498,LOCAL EXCISION & REMOVAL INT FIX DEVICES OF HIP & FEMUR W CC/MCC
2011,499,LOCAL EXCISION & REMOVAL INT FIX DEVICES OF HIP & FEMUR W/O CC/MCC
2011,500,SOFT TISSUE PROCEDURES W MCC
2011,501,SOFT TISSUE PROCEDURES W CC
2011,502,SOFT TISSUE PROCEDURES W/O CC/MCC
2011,503,FOOT PROCEDURES W MCC
2011,504,FOOT PROCEDURES W CC
2011,505,FOOT PROCEDURES W/O CC/MCC
2011,506,MAJOR THUMB OR JOINT PROCEDURES
2011,507,MAJOR SHOULDER OR ELBOW JOINT PROCEDURES W CC/MCC
2011,508,MAJOR SHOULDER OR ELBOW JOINT PROCEDURES W/O CC/MCC
2011,509,ARTHROSCOPY
2011,510,"SHOULDER,ELBOW OR FOREARM PROC,EXC MAJOR JOINT PROC W MCC"
2011,511,"SHOULDER,ELBOW OR FOREARM PROC,EXC MAJOR JOINT PROC W CC"
2011,512,"SHOULDER,ELBOW OR FOREARM PROC,EXC MAJOR JOINT PROC W/O CC/MCC"
2011,513,"HAND OR WRIST PROC, EXCEPT MAJOR THUMB OR JOINT PROC W CC/MCC"
2011,514,"HAND OR WRIST PROC, EXCEPT MAJOR THUMB OR JOINT PROC W/O CC/MCC"
2011,515,OTHER MUSCULOSKELET SYS & CONN TISS O.R. PROC W MCC
2011,516,OTHER MUSCULOSKELET SYS & CONN TISS O.R. PROC W CC
2011,517,OTHER MUSCULOSKELET SYS & CONN TISS O.R. PROC W/O CC/MCC
2011,533,FRACTURES OF FEMUR W MCC
2011,534,FRACTURES OF FEMUR W/O MCC
2011,535,FRACTURES OF HIP & PELVIS W MCC
2011,536,FRACTURES OF HIP & PELVIS W/O MCC
2011,537,"SPRAINS, STRAINS, & DISLOCATIONS OF HIP, PELVIS & THIGH W CC/MCC"
2011,538,"SPRAINS, STRAINS, & DISLOCATIONS OF HIP, PELVIS & THIGH W/O CC/MCC"
2011,539,OSTEOMYELITIS W MCC
2011,540,OSTEOMYELITIS W CC
2011,541,OSTEOMYELITIS W/O CC/MCC
2011,542,PATHOLOGICAL FRACTURES & MUSCULOSKELET & CONN TISS MALIG W MCC
2011,543,PATHOLOGICAL FRACTURES & MUSCULOSKELET & CONN TISS MALIG W CC
2011,544,PATHOLOGICAL FRACTURES & MUSCULOSKELET & CONN TISS MALIG W/O CC/MCC
2011,545,CONNECTIVE TISSUE DISORDERS W MCC
2011,546,CONNECTIVE TISSUE DISORDERS W CC
2011,547,CONNECTIVE TISSUE DISORDERS W/O CC/MCC
2011,548,SEPTIC ARTHRITIS W MCC
2011,549,SEPTIC ARTHRITIS W CC
2011,550,SEPTIC ARTHRITIS W/O CC/MCC
2011,551,MEDICAL BACK PROBLEMS W MCC
2011,552,MEDICAL BACK PROBLEMS W/O MCC
2011,553,BONE DISEASES & ARTHROPATHIES W MCC
2011,554,BONE DISEASES & ARTHROPATHIES W/O MCC
2011,555,SIGNS & SYMPTOMS OF MUSCULOSKELETAL SYSTEM & CONN TISSUE W MCC
2011,556,SIGNS & SYMPTOMS OF MUSCULOSKELETAL SYSTEM & CONN TISSUE W/O MCC
2011,557,"TENDONITIS, MYOSITIS & BURSITIS W MCC"
2011,558,"TENDONITIS, MYOSITIS & BURSITIS W/O MCC"
2011,559,"AFTERCARE, MUSCULOSKELETAL SYSTEM & CONNECTIVE TISSUE W MCC"
2011,560,"AFTERCARE, MUSCULOSKELETAL SYSTEM & CONNECTIVE TISSUE W CC"
2011,561,"AFTERCARE, MUSCULOSKELETAL SYSTEM & CONNECTIVE TISSUE W/O CC/MCC"
2011,562,"FX, SPRN, STRN & DISL EXCEPT FEMUR, HIP, PELVIS & THIGH W MCC"
2011,563,"FX, SPRN, STRN & DISL EXCEPT FEMUR, HIP, PELVIS & THIGH W/O MCC"
2011,564,OTHER MUSCULOSKELETAL SYS & CONNECTIVE TISSUE DIAGNOSES W MCC
2011,565,OTHER MUSCULOSKELETAL SYS & CONNECTIVE TISSUE DIAGNOSES W CC
2011,566,OTHER MUSCULOSKELETAL SYS & CONNECTIVE TISSUE DIAGNOSES W/O CC/MCC
2011,453,COMBINED ANTERIOR/POSTERIOR SPINAL FUSION W MCC
2011,454,COMBINED ANTERIOR/POSTERIOR SPINAL FUSION W CC
2011,455,COMBINED ANTERIOR/POSTERIOR SPINAL FUSION W/O CC/MCC
2011,456,SPINAL FUS EXC CERV W SPINAL CURV/MALIG/INFEC OR 9+ FUS W MCC
2011,457,SPINAL FUS EXC CERV W SPINAL CURV/MALIG/INFEC OR 9+ FUS W CC
2011,458,SPINAL FUS EXC CERV W SPINAL CURV/MALIG/INFEC OR 9+ FUS W/O CC/MC
2011,459,SPINAL FUSION EXCEPT CERVICAL W MCC
2011,460,SPINAL FUSION EXCEPT CERVICAL W/O MCC
2011,461,BILATERAL OR MULTIPLE MAJOR JOINT PROCS OF LOWER EXTREMITY W MCC
2011,462,BILATERAL OR MULTIPLE MAJOR JOINT PROCS OF LOWER EXTREMITY W/O MC
2011,463,"WND DEBRID & SKN GRFT EXC HAND, FOR MUSCULO-CONN TISS DIS W MCC"
2011,464,"WND DEBRID & SKN GRFT EXC HAND, FOR MUSCULO-CONN TISS DIS W CC"
2011,465,"WND DEBRID & SKN GRFT EXC HAND, FOR MUSCULO-CONN TISS DIS W/O CC/"
2011,466,REVISION OF HIP OR KNEE REPLACEMENT W MCC
2011,467,REVISION OF HIP OR KNEE REPLACEMENT W CC
2011,468,REVISION OF HIP OR KNEE REPLACEMENT W/O CC/MCC
2011,469,MAJOR JOINT REPLACEMENT OR REATTACHMENT OF LOWER EXTREMITY W MCC
2011,470,MAJOR JOINT REPLACEMENT OR REATTACHMENT OF LOWER EXTREMITY W/O MC
2011,471,CERVICAL SPINAL FUSION W MCC
2011,472,CERVICAL SPINAL FUSION W CC
2011,473,CERVICAL SPINAL FUSION W/O CC/MCC
2011,474,AMPUTATION FOR MUSCULOSKELETAL SYS & CONN TISSUE DIS W MCC
2011,475,AMPUTATION FOR MUSCULOSKELETAL SYS & CONN TISSUE DIS W CC
2011,476,AMPUTATION FOR MUSCULOSKELETAL SYS & CONN TISSUE DIS W/O CC/MCC
2011,477,BIOPSIES OF MUSCULOSKELETAL SYSTEM & CONNECTIVE TISSUE W MCC
2011,478,BIOPSIES OF MUSCULOSKELETAL SYSTEM & CONNECTIVE TISSUE W CC
2011,479,BIOPSIES OF MUSCULOSKELETAL SYSTEM & CONNECTIVE TISSUE W/O CC/MCC
2011,480,HIP & FEMUR PROCEDURES EXCEPT MAJOR JOINT W MCC
2011,481,HIP & FEMUR PROCEDURES EXCEPT MAJOR JOINT W CC
2011,482,HIP & FEMUR PROCEDURES EXCEPT MAJOR JOINT W/O CC/MCC
2011,483,MAJOR JOINT & LIMB REATTACHMENT PROC OF UPPER EXTREMITY W CC/MCC
2011,484,MAJOR JOINT & LIMB REATTACHMENT PROC OF UPPER EXTREMITY W/O CC/MC
2011,485,KNEE PROCEDURES W PDX OF INFECTION W MCC
2011,486,KNEE PROCEDURES W PDX OF INFECTION W CC
2011,487,KNEE PROCEDURES W PDX OF INFECTION W/O CC/MCC
2011,488,KNEE PROCEDURES W/O PDX OF INFECTION W CC/MCC
2011,489,KNEE PROCEDURES W/O PDX OF INFECTION W/O CC/MCC
2011,490,BACK & NECK PROC EXC SPINAL FUSION W CC/MCC OR DISC DEVICE/NEUROS
2011,491,BACK & NECK PROC EXC SPINAL FUSION W/O CC/MCC
2011,492,"LOWER EXTREM & HUMER PROC EXCEPT HIP,FOOT,FEMUR W MCC"
2011,493,"LOWER EXTREM & HUMER PROC EXCEPT HIP,FOOT,FEMUR W CC"
2011,494,"LOWER EXTREM & HUMER PROC EXCEPT HIP,FOOT,FEMUR W/O CC/MCC"
2011,495,LOCAL EXCISION & REMOVAL INT FIX DEVICES EXC HIP & FEMUR W MCC
2011,496,LOCAL EXCISION & REMOVAL INT FIX DEVICES EXC HIP & FEMUR W CC
2011,497,LOCAL EXCISION & REMOVAL INT FIX DEVICES EXC HIP & FEMUR W/O CC/M
2011,498,LOCAL EXCISION & REMOVAL INT FIX DEVICES OF HIP & FEMUR W CC/MCC
2011,499,LOCAL EXCISION & REMOVAL INT FIX DEVICES OF HIP & FEMUR W/O CC/MC
2011,500,SOFT TISSUE PROCEDURES W MCC
2011,501,SOFT TISSUE PROCEDURES W CC
2011,502,SOFT TISSUE PROCEDURES W/O CC/MCC
2011,503,FOOT PROCEDURES W MCC
2011,504,FOOT PROCEDURES W CC
2011,505,FOOT PROCEDURES W/O CC/MCC
2011,506,MAJOR THUMB OR JOINT PROCEDURES
2011,507,MAJOR SHOULDER OR ELBOW JOINT PROCEDURES W CC/MCC
2011,508,MAJOR SHOULDER OR ELBOW JOINT PROCEDURES W/O CC/MCC
2011,509,ARTHROSCOPY
2011,510,"SHOULDER,ELBOW OR FOREARM PROC,EXC MAJOR JOINT PROC W MCC"
2011,511,"SHOULDER,ELBOW OR FOREARM PROC,EXC MAJOR JOINT PROC W CC"
2011,512,"SHOULDER,ELBOW OR FOREARM PROC,EXC MAJOR JOINT PROC W/O CC/MCC"
2011,513,"HAND OR WRIST PROC, EXCEPT MAJOR THUMB OR JOINT PROC W CC/MCC"
2011,514,"HAND OR WRIST PROC, EXCEPT MAJOR THUMB OR JOINT PROC W/O CC/MCC"
2011,515,OTHER MUSCULOSKELET SYS & CONN TISS O.R. PROC W MCC
2011,516,OTHER MUSCULOSKELET SYS & CONN TISS O.R. PROC W CC
2011,517,OTHER MUSCULOSKELET SYS & CONN TISS O.R. PROC W/O CC/MCC
2011,533,FRACTURES OF FEMUR W MCC
2011,534,FRACTURES OF FEMUR W/O MCC
2011,535,FRACTURES OF HIP & PELVIS W MCC
2011,536,FRACTURES OF HIP & PELVIS W/O MCC
2011,537,"SPRAINS, STRAINS, & DISLOCATIONS OF HIP, PELVIS & THIGH W CC/MCC"
2011,538,"SPRAINS, STRAINS, & DISLOCATIONS OF HIP, PELVIS & THIGH W/O CC/MC"
2011,539,OSTEOMYELITIS W MCC
2011,540,OSTEOMYELITIS W CC
2011,541,OSTEOMYELITIS W/O CC/MCC
2011,542,PATHOLOGICAL FRACTURES & MUSCULOSKELET & CONN TISS MALIG W MCC
2011,543,PATHOLOGICAL FRACTURES & MUSCULOSKELET & CONN TISS MALIG W CC
2011,544,PATHOLOGICAL FRACTURES & MUSCULOSKELET & CONN TISS MALIG W/O CC/M
2011,545,CONNECTIVE TISSUE DISORDERS W MCC
2011,546,CONNECTIVE TISSUE DISORDERS W CC
2011,547,CONNECTIVE TISSUE DISORDERS W/O CC/MCC
2011,548,SEPTIC ARTHRITIS W MCC
2011,549,SEPTIC ARTHRITIS W CC
2011,550,SEPTIC ARTHRITIS W/O CC/MCC
2011,551,MEDICAL BACK PROBLEMS W MCC
2011,552,MEDICAL BACK PROBLEMS W/O MCC
2011,553,BONE DISEASES & ARTHROPATHIES W MCC
2011,554,BONE DISEASES & ARTHROPATHIES W/O MCC
2011,555,SIGNS & SYMPTOMS OF MUSCULOSKELETAL SYSTEM & CONN TISSUE W MCC
2011,556,SIGNS & SYMPTOMS OF MUSCULOSKELETAL SYSTEM & CONN TISSUE W/O MCC
2011,557,"TENDONITIS, MYOSITIS & BURSITIS W MCC"
2011,558,"TENDONITIS, MYOSITIS & BURSITIS W/O MCC"
2011,559,"AFTERCARE, MUSCULOSKELETAL SYSTEM & CONNECTIVE TISSUE W MCC"
2011,560,"AFTERCARE, MUSCULOSKELETAL SYSTEM & CONNECTIVE TISSUE W CC"
2011,561,"AFTERCARE, MUSCULOSKELETAL SYSTEM & CONNECTIVE TISSUE W/O CC/MCC"
2011,562,"FX, SPRN, STRN & DISL EXCEPT FEMUR, HIP, PELVIS & THIGH W MCC"
2011,563,"FX, SPRN, STRN & DISL EXCEPT FEMUR, HIP, PELVIS & THIGH W/O MCC"
2011,564,OTHER MUSCULOSKELETAL SYS & CONNECTIVE TISSUE DIAGNOSES W MCC
2011,565,OTHER MUSCULOSKELETAL SYS & CONNECTIVE TISSUE DIAGNOSES W CC
2011,566,OTHER MUSCULOSKELETAL SYS & CONNECTIVE TISSUE DIAGNOSES W/O CC/MC
2011,573,SKIN GRAFT &/OR DEBRID FOR SKN ULCER OR CELLULITIS W MCC
2011,574,SKIN GRAFT &/OR DEBRID FOR SKN ULCER OR CELLULITIS W CC
2011,575,SKIN GRAFT &/OR DEBRID FOR SKN ULCER OR CELLULITIS W/O CC/MCC
2011,576,SKIN GRAFT &/OR DEBRID EXC FOR SKIN ULCER OR CELLULITIS W MCC
2011,577,SKIN GRAFT &/OR DEBRID EXC FOR SKIN ULCER OR CELLULITIS W CC
2011,578,SKIN GRAFT &/OR DEBRID EXC FOR SKIN ULCER OR CELLULITIS W/O CC/MCC
2011,579,"OTHER SKIN, SUBCUT TISS & BREAST PROC W MCC"
2011,580,"OTHER SKIN, SUBCUT TISS & BREAST PROC W CC"
2011,581,"OTHER SKIN, SUBCUT TISS & BREAST PROC W/O CC/MCC"
2011,582,MASTECTOMY FOR MALIGNANCY W CC/MCC
2011,583,MASTECTOMY FOR MALIGNANCY W/O CC/MCC
2011,584,"BREAST BIOPSY, LOCAL EXCISION & OTHER BREAST PROCEDURES W CC/MCC"
2011,585,"BREAST BIOPSY, LOCAL EXCISION & OTHER BREAST PROCEDURES W/O CC/MCC"
2011,592,SKIN ULCERS W MCC
2011,593,SKIN ULCERS W CC
2011,594,SKIN ULCERS W/O CC/MCC
2011,595,MAJOR SKIN DISORDERS W MCC
2011,596,MAJOR SKIN DISORDERS W/O MCC
2011,597,MALIGNANT BREAST DISORDERS W MCC
2011,598,MALIGNANT BREAST DISORDERS W CC
2011,599,MALIGNANT BREAST DISORDERS W/O CC/MCC
2011,600,NON-MALIGNANT BREAST DISORDERS W CC/MCC
2011,601,NON-MALIGNANT BREAST DISORDERS W/O CC/MCC
2011,602,CELLULITIS W MCC
2011,603,CELLULITIS W/O MCC
2011,604,"TRAUMA TO THE SKIN, SUBCUT TISS & BREAST W MCC"
2011,605,"TRAUMA TO THE SKIN, SUBCUT TISS & BREAST W/O MCC"
2011,606,MINOR SKIN DISORDERS W MCC
2011,607,MINOR SKIN DISORDERS W/O MCC
2011,570,SKIN DEBRIDEMENT W MCC
2011,571,SKIN DEBRIDEMENT W CC
2011,572,SKIN DEBRIDEMENT W/O CC/MCC
2011,573,SKIN GRAFT FOR SKIN ULCER OR CELLULITIS W MCC
2011,574,SKIN GRAFT FOR SKIN ULCER OR CELLULITIS W CC
2011,575,SKIN GRAFT FOR SKIN ULCER OR CELLULITIS W/O CC/MCC
2011,576,SKIN GRAFT EXC FOR SKIN ULCER OR CELLULITIS W MCC
2011,577,SKIN GRAFT EXC FOR SKIN ULCER OR CELLULITIS W CC
2011,578,SKIN GRAFT EXC FOR SKIN ULCER OR CELLULITIS W/O CC/MCC
2011,579,"OTHER SKIN, SUBCUT TISS & BREAST PROC W MCC"
2011,580,"OTHER SKIN, SUBCUT TISS & BREAST PROC W CC"
2011,581,"OTHER SKIN, SUBCUT TISS & BREAST PROC W/O CC/MCC"
2011,582,MASTECTOMY FOR MALIGNANCY W CC/MCC
2011,583,MASTECTOMY FOR MALIGNANCY W/O CC/MCC
2011,584,"BREAST BIOPSY, LOCAL EXCISION & OTHER BREAST PROCEDURES W CC/MCC"
2011,585,"BREAST BIOPSY, LOCAL EXCISION & OTHER BREAST PROCEDURES W/O CC/MC"
2011,592,SKIN ULCERS W MCC
2011,593,SKIN ULCERS W CC
2011,594,SKIN ULCERS W/O CC/MCC
2011,595,MAJOR SKIN DISORDERS W MCC
2011,596,MAJOR SKIN DISORDERS W/O MCC
2011,597,MALIGNANT BREAST DISORDERS W MCC
2011,598,MALIGNANT BREAST DISORDERS W CC
2011,599,MALIGNANT BREAST DISORDERS W/O CC/MCC
2011,600,NON-MALIGNANT BREAST DISORDERS W CC/MCC
2011,601,NON-MALIGNANT BREAST DISORDERS W/O CC/MCC
2011,602,CELLULITIS W MCC
2011,603,CELLULITIS W/O MCC
2011,604,"TRAUMA TO THE SKIN, SUBCUT TISS & BREAST W MCC"
2011,605,"TRAUMA TO THE SKIN, SUBCUT TISS & BREAST W/O MCC"
2011,606,MINOR SKIN DISORDERS W MCC
2011,607,MINOR SKIN DISORDERS W/O MCC
2011,614,ADRENAL & PITUITARY PROCEDURES W CC/MCC
2011,615,ADRENAL & PITUITARY PROCEDURES W/O CC/MCC
2011,616,"AMPUTAT OF LOWER LIMB FOR ENDOCRINE,NUTRIT,& METABOL DIS W MCC"
2011,617,"AMPUTAT OF LOWER LIMB FOR ENDOCRINE,NUTRIT,& METABOL DIS W CC"
2011,618,"AMPUTAT OF LOWER LIMB FOR ENDOCRINE,NUTRIT,& METABOL DIS W/O CC/MCC"
2011,619,O.R. PROCEDURES FOR OBESITY W MCC
2011,620,O.R. PROCEDURES FOR OBESITY W CC
2011,621,O.R. PROCEDURES FOR OBESITY W/O CC/MCC
2011,622,"SKIN GRAFTS & WOUND DEBRID FOR ENDOC, NUTRIT & METAB DIS W MCC"
2011,623,"SKIN GRAFTS & WOUND DEBRID FOR ENDOC, NUTRIT & METAB DIS W CC"
2011,624,"SKIN GRAFTS & WOUND DEBRID FOR ENDOC, NUTRIT & METAB DIS W/O CC/MCC"
2011,625,"THYROID, PARATHYROID & THYROGLOSSAL PROCEDURES W MCC"
2011,626,"THYROID, PARATHYROID & THYROGLOSSAL PROCEDURES W CC"
2011,627,"THYROID, PARATHYROID & THYROGLOSSAL PROCEDURES W/O CC/MCC"
2011,628,"OTHER ENDOCRINE, NUTRIT & METAB O.R. PROC W MCC"
2011,629,"OTHER ENDOCRINE, NUTRIT & METAB O.R. PROC W CC"
2011,630,"OTHER ENDOCRINE, NUTRIT & METAB O.R. PROC W/O CC/MCC"
2011,637,DIABETES W MCC
2011,638,DIABETES W CC
2011,639,DIABETES W/O CC/MCC
2011,640,NUTRITIONAL & MISC METABOLIC DISORDERS W MCC
2011,641,NUTRITIONAL & MISC METABOLIC DISORDERS W/O MCC
2011,642,INBORN ERRORS OF METABOLISM
2011,643,ENDOCRINE DISORDERS W MCC
2011,644,ENDOCRINE DISORDERS W CC
2011,645,ENDOCRINE DISORDERS W/O CC/MCC
2011,614,ADRENAL & PITUITARY PROCEDURES W CC/MCC
2011,615,ADRENAL & PITUITARY PROCEDURES W/O CC/MCC
2011,616,"AMPUTAT OF LOWER LIMB FOR ENDOCRINE,NUTRIT,& METABOL DIS W MCC"
2011,617,"AMPUTAT OF LOWER LIMB FOR ENDOCRINE,NUTRIT,& METABOL DIS W CC"
2011,618,"AMPUTAT OF LOWER LIMB FOR ENDOCRINE,NUTRIT,& METABOL DIS W/O CC/M"
2011,619,O.R. PROCEDURES FOR OBESITY W MCC
2011,620,O.R. PROCEDURES FOR OBESITY W CC
2011,621,O.R. PROCEDURES FOR OBESITY W/O CC/MCC
2011,622,"SKIN GRAFTS & WOUND DEBRID FOR ENDOC, NUTRIT & METAB DIS W MCC"
2011,623,"SKIN GRAFTS & WOUND DEBRID FOR ENDOC, NUTRIT & METAB DIS W CC"
2011,624,"SKIN GRAFTS & WOUND DEBRID FOR ENDOC, NUTRIT & METAB DIS W/O CC/M"
2011,625,"THYROID, PARATHYROID & THYROGLOSSAL PROCEDURES W MCC"
2011,626,"THYROID, PARATHYROID & THYROGLOSSAL PROCEDURES W CC"
2011,627,"THYROID, PARATHYROID & THYROGLOSSAL PROCEDURES W/O CC/MCC"
2011,628,"OTHER ENDOCRINE, NUTRIT & METAB O.R. PROC W MCC"
2011,629,"OTHER ENDOCRINE, NUTRIT & METAB O.R. PROC W CC"
2011,630,"OTHER ENDOCRINE, NUTRIT & METAB O.R. PROC W/O CC/MCC"
2011,637,DIABETES W MCC
2011,638,DIABETES W CC
2011,639,DIABETES W/O CC/MCC
2011,640,"MISC DISORDERS OF NUTRITION,METABOLISM,FLUIDS/ELECTROLYTES W MCC"
2011,641,"MISC DISORDERS OF NUTRITION,METABOLISM,FLUIDS/ELECTROLYTES W/O MC"
2011,642,INBORN AND OTHER DISORDERS OF METABOLISM
2011,643,ENDOCRINE DISORDERS W MCC
2011,644,ENDOCRINE DISORDERS W CC
2011,645,ENDOCRINE DISORDERS W/O CC/MCC
2011,652,KIDNEY TRANSPLANT
2011,653,MAJOR BLADDER PROCEDURES W MCC
2011,654,MAJOR BLADDER PROCEDURES W CC
2011,655,MAJOR BLADDER PROCEDURES W/O CC/MCC
2011,656,KIDNEY & URETER PROCEDURES FOR NEOPLASM W MCC
2011,657,KIDNEY & URETER PROCEDURES FOR NEOPLASM W CC
2011,658,KIDNEY & URETER PROCEDURES FOR NEOPLASM W/O CC/MCC
2011,659,KIDNEY & URETER PROCEDURES FOR NON-NEOPLASM W MCC
2011,660,KIDNEY & URETER PROCEDURES FOR NON-NEOPLASM W CC
2011,661,KIDNEY & URETER PROCEDURES FOR NON-NEOPLASM W/O CC/MCC
2011,662,MINOR BLADDER PROCEDURES W MCC
2011,663,MINOR BLADDER PROCEDURES W CC
2011,664,MINOR BLADDER PROCEDURES W/O CC/MCC
2011,665,PROSTATECTOMY W MCC
2011,666,PROSTATECTOMY W CC
2011,667,PROSTATECTOMY W/O CC/MCC
2011,668,TRANSURETHRAL PROCEDURES W MCC
2011,669,TRANSURETHRAL PROCEDURES W CC
2011,670,TRANSURETHRAL PROCEDURES W/O CC/MCC
2011,671,URETHRAL PROCEDURES W CC/MCC
2011,672,URETHRAL PROCEDURES W/O CC/MCC
2011,673,OTHER KIDNEY & URINARY TRACT PROCEDURES W MCC
2011,674,OTHER KIDNEY & URINARY TRACT PROCEDURES W CC
2011,675,OTHER KIDNEY & URINARY TRACT PROCEDURES W/O CC/MCC
2011,682,RENAL FAILURE W MCC
2011,683,RENAL FAILURE W CC
2011,684,RENAL FAILURE W/O CC/MCC
2011,685,ADMIT FOR RENAL DIALYSIS
2011,686,KIDNEY & URINARY TRACT NEOPLASMS W MCC
2011,687,KIDNEY & URINARY TRACT NEOPLASMS W CC
2011,688,KIDNEY & URINARY TRACT NEOPLASMS W/O CC/MCC
2011,689,KIDNEY & URINARY TRACT INFECTIONS W MCC
2011,690,KIDNEY & URINARY TRACT INFECTIONS W/O MCC
2011,691,URINARY STONES W ESW LITHOTRIPSY W CC/MCC
2011,692,URINARY STONES W ESW LITHOTRIPSY W/O CC/MCC
2011,693,URINARY STONES W/O ESW LITHOTRIPSY W MCC
2011,694,URINARY STONES W/O ESW LITHOTRIPSY W/O MCC
2011,695,KIDNEY & URINARY TRACT SIGNS & SYMPTOMS W MCC
2011,696,KIDNEY & URINARY TRACT SIGNS & SYMPTOMS W/O MCC
2011,697,URETHRAL STRICTURE
2011,698,OTHER KIDNEY & URINARY TRACT DIAGNOSES W MCC
2011,699,OTHER KIDNEY & URINARY TRACT DIAGNOSES W CC
2011,700,OTHER KIDNEY & URINARY TRACT DIAGNOSES W/O CC/MCC
2011,652,KIDNEY TRANSPLANT
2011,653,MAJOR BLADDER PROCEDURES W MCC
2011,654,MAJOR BLADDER PROCEDURES W CC
2011,655,MAJOR BLADDER PROCEDURES W/O CC/MCC
2011,656,KIDNEY & URETER PROCEDURES FOR NEOPLASM W MCC
2011,657,KIDNEY & URETER PROCEDURES FOR NEOPLASM W CC
2011,658,KIDNEY & URETER PROCEDURES FOR NEOPLASM W/O CC/MCC
2011,659,KIDNEY & URETER PROCEDURES FOR NON-NEOPLASM W MCC
2011,660,KIDNEY & URETER PROCEDURES FOR NON-NEOPLASM W CC
2011,661,KIDNEY & URETER PROCEDURES FOR NON-NEOPLASM W/O CC/MCC
2011,662,MINOR BLADDER PROCEDURES W MCC
2011,663,MINOR BLADDER PROCEDURES W CC
2011,664,MINOR BLADDER PROCEDURES W/O CC/MCC
2011,665,PROSTATECTOMY W MCC
2011,666,PROSTATECTOMY W CC
2011,667,PROSTATECTOMY W/O CC/MCC
2011,668,TRANSURETHRAL PROCEDURES W MCC
2011,669,TRANSURETHRAL PROCEDURES W CC
2011,670,TRANSURETHRAL PROCEDURES W/O CC/MCC
2011,671,URETHRAL PROCEDURES W CC/MCC
2011,672,URETHRAL PROCEDURES W/O CC/MCC
2011,673,OTHER KIDNEY & URINARY TRACT PROCEDURES W MCC
2011,674,OTHER KIDNEY & URINARY TRACT PROCEDURES W CC
2011,675,OTHER KIDNEY & URINARY TRACT PROCEDURES W/O CC/MCC
2011,682,RENAL FAILURE W MCC
2011,683,RENAL FAILURE W CC
2011,684,RENAL FAILURE W/O CC/MCC
2011,685,ADMIT FOR RENAL DIALYSIS
2011,686,KIDNEY & URINARY TRACT NEOPLASMS W MCC
2011,687,KIDNEY & URINARY TRACT NEOPLASMS W CC
2011,688,KIDNEY & URINARY TRACT NEOPLASMS W/O CC/MCC
2011,689,KIDNEY & URINARY TRACT INFECTIONS W MCC
2011,690,KIDNEY & URINARY TRACT INFECTIONS W/O MCC
2011,691,URINARY STONES W ESW LITHOTRIPSY W CC/MCC
2011,692,URINARY STONES W ESW LITHOTRIPSY W/O CC/MCC
2011,693,URINARY STONES W/O ESW LITHOTRIPSY W MCC
2011,694,URINARY STONES W/O ESW LITHOTRIPSY W/O MCC
2011,695,KIDNEY & URINARY TRACT SIGNS & SYMPTOMS W MCC
2011,696,KIDNEY & URINARY TRACT SIGNS & SYMPTOMS W/O MCC
2011,697,URETHRAL STRICTURE
2011,698,OTHER KIDNEY & URINARY TRACT DIAGNOSES W MCC
2011,699,OTHER KIDNEY & URINARY TRACT DIAGNOSES W CC
2011,700,OTHER KIDNEY & URINARY TRACT DIAGNOSES W/O CC/MCC
2011,707,MAJOR MALE PELVIC PROCEDURES W CC/MCC
2011,708,MAJOR MALE PELVIC PROCEDURES W/O CC/MCC
2011,709,PENIS PROCEDURES W CC/MCC
2011,710,PENIS PROCEDURES W/O CC/MCC
2011,711,TESTES PROCEDURES W CC/MCC
2011,712,TESTES PROCEDURES W/O CC/MCC
2011,713,TRANSURETHRAL PROSTATECTOMY W CC/MCC
2011,714,TRANSURETHRAL PROSTATECTOMY W/O CC/MCC
2011,715,OTHER MALE REPRODUCTIVE SYSTEM O.R. PROC FOR MALIGNANCY W CC/MCC
2011,716,OTHER MALE REPRODUCTIVE SYSTEM O.R. PROC FOR MALIGNANCY W/O CC/MCC
2011,717,OTHER MALE REPRODUCTIVE SYSTEM O.R. PROC EXC MALIGNANCY W CC/MCC
2011,718,OTHER MALE REPRODUCTIVE SYSTEM O.R. PROC EXC MALIGNANCY W/O CC/MCC
2011,722,"MALIGNANCY, MALE REPRODUCTIVE SYSTEM W MCC"
2011,723,"MALIGNANCY, MALE REPRODUCTIVE SYSTEM W CC"
2011,724,"MALIGNANCY, MALE REPRODUCTIVE SYSTEM W/O CC/MCC"
2011,725,BENIGN PROSTATIC HYPERTROPHY W MCC
2011,726,BENIGN PROSTATIC HYPERTROPHY W/O MCC
2011,727,INFLAMMATION OF THE MALE REPRODUCTIVE SYSTEM W MCC
2011,728,INFLAMMATION OF THE MALE REPRODUCTIVE SYSTEM W/O MCC
2011,729,OTHER MALE REPRODUCTIVE SYSTEM DIAGNOSES W CC/MCC
2011,730,OTHER MALE REPRODUCTIVE SYSTEM DIAGNOSES W/O CC/MCC
2011,707,MAJOR MALE PELVIC PROCEDURES W CC/MCC
2011,708,MAJOR MALE PELVIC PROCEDURES W/O CC/MCC
2011,709,PENIS PROCEDURES W CC/MCC
2011,710,PENIS PROCEDURES W/O CC/MCC
2011,711,TESTES PROCEDURES W CC/MCC
2011,712,TESTES PROCEDURES W/O CC/MCC
2011,713,TRANSURETHRAL PROSTATECTOMY W CC/MCC
2011,714,TRANSURETHRAL PROSTATECTOMY W/O CC/MCC
2011,715,OTHER MALE REPRODUCTIVE SYSTEM O.R. PROC FOR MALIGNANCY W CC/MCC
2011,716,OTHER MALE REPRODUCTIVE SYSTEM O.R. PROC FOR MALIGNANCY W/O CC/MC
2011,717,OTHER MALE REPRODUCTIVE SYSTEM O.R. PROC EXC MALIGNANCY W CC/MCC
2011,718,OTHER MALE REPRODUCTIVE SYSTEM O.R. PROC EXC MALIGNANCY W/O CC/MC
2011,722,"MALIGNANCY, MALE REPRODUCTIVE SYSTEM W MCC"
2011,723,"MALIGNANCY, MALE REPRODUCTIVE SYSTEM W CC"
2011,724,"MALIGNANCY, MALE REPRODUCTIVE SYSTEM W/O CC/MCC"
2011,725,BENIGN PROSTATIC HYPERTROPHY W MCC
2011,726,BENIGN PROSTATIC HYPERTROPHY W/O MCC
2011,727,INFLAMMATION OF THE MALE REPRODUCTIVE SYSTEM W MCC
2011,728,INFLAMMATION OF THE MALE REPRODUCTIVE SYSTEM W/O MCC
2011,729,OTHER MALE REPRODUCTIVE SYSTEM DIAGNOSES W CC/MCC
2011,730,OTHER MALE REPRODUCTIVE SYSTEM DIAGNOSES W/O CC/MCC
2011,734,"PELVIC EVISCERATION, RAD HYSTERECTOMY & RAD VULVECTOMY W CC/MCC"
2011,735,"PELVIC EVISCERATION, RAD HYSTERECTOMY & RAD VULVECTOMY W/O CC/MCC"
2011,736,UTERINE & ADNEXA PROC FOR OVARIAN OR ADNEXAL MALIGNANCY W MCC
2011,737,UTERINE & ADNEXA PROC FOR OVARIAN OR ADNEXAL MALIGNANCY W CC
2011,738,UTERINE & ADNEXA PROC FOR OVARIAN OR ADNEXAL MALIGNANCY W/O CC/MCC
2011,739,"UTERINE,ADNEXA PROC FOR NON-OVARIAN/ADNEXAL MALIG W MCC"
2011,740,"UTERINE,ADNEXA PROC FOR NON-OVARIAN/ADNEXAL MALIG W CC"
2011,741,"UTERINE,ADNEXA PROC FOR NON-OVARIAN/ADNEXAL MALIG W/O CC/MCC"
2011,742,UTERINE & ADNEXA PROC FOR NON-MALIGNANCY W CC/MCC
2011,743,UTERINE & ADNEXA PROC FOR NON-MALIGNANCY W/O CC/MCC
2011,744,"D&C, CONIZATION, LAPAROSCOPY & TUBAL INTERRUPTION W CC/MCC"
2011,745,"D&C, CONIZATION, LAPAROSCOPY & TUBAL INTERRUPTION W/O CC/MCC"
2011,746,"VAGINA, CERVIX & VULVA PROCEDURES W CC/MCC"
2011,747,"VAGINA, CERVIX & VULVA PROCEDURES W/O CC/MCC"
2011,748,FEMALE REPRODUCTIVE SYSTEM RECONSTRUCTIVE PROCEDURES
2011,749,OTHER FEMALE REPRODUCTIVE SYSTEM O.R. PROCEDURES W CC/MCC
2011,750,OTHER FEMALE REPRODUCTIVE SYSTEM O.R. PROCEDURES W/O CC/MCC
2011,754,"MALIGNANCY, FEMALE REPRODUCTIVE SYSTEM W MCC"
2011,755,"MALIGNANCY, FEMALE REPRODUCTIVE SYSTEM W CC"
2011,756,"MALIGNANCY, FEMALE REPRODUCTIVE SYSTEM W/O CC/MCC"
2011,757,"INFECTIONS, FEMALE REPRODUCTIVE SYSTEM W MCC"
2011,758,"INFECTIONS, FEMALE REPRODUCTIVE SYSTEM W CC"
2011,759,"INFECTIONS, FEMALE REPRODUCTIVE SYSTEM W/O CC/MCC"
2011,760,MENSTRUAL & OTHER FEMALE REPRODUCTIVE SYSTEM DISORDERS W CC/MCC
2011,761,MENSTRUAL & OTHER FEMALE REPRODUCTIVE SYSTEM DISORDERS W/O CC/MCC
2011,734,"PELVIC EVISCERATION, RAD HYSTERECTOMY & RAD VULVECTOMY W CC/MCC"
2011,735,"PELVIC EVISCERATION, RAD HYSTERECTOMY & RAD VULVECTOMY W/O CC/MCC"
2011,736,UTERINE & ADNEXA PROC FOR OVARIAN OR ADNEXAL MALIGNANCY W MCC
2011,737,UTERINE & ADNEXA PROC FOR OVARIAN OR ADNEXAL MALIGNANCY W CC
2011,738,UTERINE & ADNEXA PROC FOR OVARIAN OR ADNEXAL MALIGNANCY W/O CC/MC
2011,739,"UTERINE,ADNEXA PROC FOR NON-OVARIAN/ADNEXAL MALIG W MCC"
2011,740,"UTERINE,ADNEXA PROC FOR NON-OVARIAN/ADNEXAL MALIG W CC"
2011,741,"UTERINE,ADNEXA PROC FOR NON-OVARIAN/ADNEXAL MALIG W/O CC/MCC"
2011,742,UTERINE & ADNEXA PROC FOR NON-MALIGNANCY W CC/MCC
2011,743,UTERINE & ADNEXA PROC FOR NON-MALIGNANCY W/O CC/MCC
2011,744,"D&C, CONIZATION, LAPAROSCOPY & TUBAL INTERRUPTION W CC/MCC"
2011,745,"D&C, CONIZATION, LAPAROSCOPY & TUBAL INTERRUPTION W/O CC/MCC"
2011,746,"VAGINA, CERVIX & VULVA PROCEDURES W CC/MCC"
2011,747,"VAGINA, CERVIX & VULVA PROCEDURES W/O CC/MCC"
2011,748,FEMALE REPRODUCTIVE SYSTEM RECONSTRUCTIVE PROCEDURES
2011,749,OTHER FEMALE REPRODUCTIVE SYSTEM O.R. PROCEDURES W CC/MCC
2011,750,OTHER FEMALE REPRODUCTIVE SYSTEM O.R. PROCEDURES W/O CC/MCC
2011,754,"MALIGNANCY, FEMALE REPRODUCTIVE SYSTEM W MCC"
2011,755,"MALIGNANCY, FEMALE REPRODUCTIVE SYSTEM W CC"
2011,756,"MALIGNANCY, FEMALE REPRODUCTIVE SYSTEM W/O CC/MCC"
2011,757,"INFECTIONS, FEMALE REPRODUCTIVE SYSTEM W MCC"
2011,758,"INFECTIONS, FEMALE REPRODUCTIVE SYSTEM W CC"
2011,759,"INFECTIONS, FEMALE REPRODUCTIVE SYSTEM W/O CC/MCC"
2011,760,MENSTRUAL & OTHER FEMALE REPRODUCTIVE SYSTEM DISORDERS W CC/MCC
2011,761,MENSTRUAL & OTHER FEMALE REPRODUCTIVE SYSTEM DISORDERS W/O CC/MCC
2011,765,CESAREAN SECTION W CC/MCC
2011,766,CESAREAN SECTION W/O CC/MCC
2011,767,VAGINAL DELIVERY W STERILIZATION &/OR D&C
2011,768,VAGINAL DELIVERY W O.R. PROC EXCEPT STERIL &/OR D&C
2011,769,POSTPARTUM & POST ABORTION DIAGNOSES W O.R. PROCEDURE
2011,770,"ABORTION W D&C, ASPIRATION CURETTAGE OR HYSTEROTOMY"
2011,774,VAGINAL DELIVERY W COMPLICATING DIAGNOSES
2011,775,VAGINAL DELIVERY W/O COMPLICATING DIAGNOSES
2011,776,POSTPARTUM & POST ABORTION DIAGNOSES W/O O.R. PROCEDURE
2011,777,ECTOPIC PREGNANCY
2011,778,THREATENED ABORTION
2011,779,ABORTION W/O D&C
2011,780,FALSE LABOR
2011,781,OTHER ANTEPARTUM DIAGNOSES W MEDICAL COMPLICATIONS
2011,782,OTHER ANTEPARTUM DIAGNOSES W/O MEDICAL COMPLICATIONS
2011,765,CESAREAN SECTION W CC/MCC
2011,766,CESAREAN SECTION W/O CC/MCC
2011,767,VAGINAL DELIVERY W STERILIZATION &/OR D&C
2011,768,VAGINAL DELIVERY W O.R. PROC EXCEPT STERIL &/OR D&C
2011,769,POSTPARTUM & POST ABORTION DIAGNOSES W O.R. PROCEDURE
2011,770,"ABORTION W D&C, ASPIRATION CURETTAGE OR HYSTEROTOMY"
2011,774,VAGINAL DELIVERY W COMPLICATING DIAGNOSES
2011,775,VAGINAL DELIVERY W/O COMPLICATING DIAGNOSES
2011,776,POSTPARTUM & POST ABORTION DIAGNOSES W/O O.R. PROCEDURE
2011,777,ECTOPIC PREGNANCY
2011,778,THREATENED ABORTION
2011,779,ABORTION W/O D&C
2011,780,FALSE LABOR
2011,781,OTHER ANTEPARTUM DIAGNOSES W MEDICAL COMPLICATIONS
2011,782,OTHER ANTEPARTUM DIAGNOSES W/O MEDICAL COMPLICATIONS
2011,789,"NEONATES, DIED OR TRANSFERRED TO ANOTHER ACUTE CARE FACILITY"
2011,790,"EXTREME IMMATURITY OR RESPIRATORY DISTRESS SYNDROME, NEONATE"
2011,791,PREMATURITY W MAJOR PROBLEMS
2011,792,PREMATURITY W/O MAJOR PROBLEMS
2011,793,FULL TERM NEONATE W MAJOR PROBLEMS
2011,794,NEONATE W OTHER SIGNIFICANT PROBLEMS
2011,795,NORMAL NEWBORN
2011,789,"NEONATES, DIED OR TRANSFERRED TO ANOTHER ACUTE CARE FACILITY"
2011,790,"EXTREME IMMATURITY OR RESPIRATORY DISTRESS SYNDROME, NEONATE"
2011,791,PREMATURITY W MAJOR PROBLEMS
2011,792,PREMATURITY W/O MAJOR PROBLEMS
2011,793,FULL TERM NEONATE W MAJOR PROBLEMS
2011,794,NEONATE W OTHER SIGNIFICANT PROBLEMS
2011,795,NORMAL NEWBORN
2011,799,SPLENECTOMY W MCC
2011,800,SPLENECTOMY W CC
2011,801,SPLENECTOMY W/O CC/MCC
2011,802,OTHER O.R. PROC OF THE BLOOD & BLOOD FORMING ORGANS W MCC
2011,803,OTHER O.R. PROC OF THE BLOOD & BLOOD FORMING ORGANS W CC
2011,804,OTHER O.R. PROC OF THE BLOOD & BLOOD FORMING ORGANS W/O CC/MCC
2011,808,MAJOR HEMATOL/IMMUN DIAG EXC SICKLE CELL CRISIS & COAGUL W MCC
2011,809,MAJOR HEMATOL/IMMUN DIAG EXC SICKLE CELL CRISIS & COAGUL W CC
2011,810,MAJOR HEMATOL/IMMUN DIAG EXC SICKLE CELL CRISIS & COAGUL W/O CC/MCC
2011,811,RED BLOOD CELL DISORDERS W MCC
2011,812,RED BLOOD CELL DISORDERS W/O MCC
2011,813,COAGULATION DISORDERS
2011,814,RETICULOENDOTHELIAL & IMMUNITY DISORDERS W MCC
2011,815,RETICULOENDOTHELIAL & IMMUNITY DISORDERS W CC
2011,816,RETICULOENDOTHELIAL & IMMUNITY DISORDERS W/O CC/MCC
2011,799,SPLENECTOMY W MCC
2011,800,SPLENECTOMY W CC
2011,801,SPLENECTOMY W/O CC/MCC
2011,802,OTHER O.R. PROC OF THE BLOOD & BLOOD FORMING ORGANS W MCC
2011,803,OTHER O.R. PROC OF THE BLOOD & BLOOD FORMING ORGANS W CC
2011,804,OTHER O.R. PROC OF THE BLOOD & BLOOD FORMING ORGANS W/O CC/MCC
2011,808,MAJOR HEMATOL/IMMUN DIAG EXC SICKLE CELL CRISIS & COAGUL W MCC
2011,809,MAJOR HEMATOL/IMMUN DIAG EXC SICKLE CELL CRISIS & COAGUL W CC
2011,810,MAJOR HEMATOL/IMMUN DIAG EXC SICKLE CELL CRISIS & COAGUL W/O CC/M
2011,811,RED BLOOD CELL DISORDERS W MCC
2011,812,RED BLOOD CELL DISORDERS W/O MCC
2011,813,COAGULATION DISORDERS
2011,814,RETICULOENDOTHELIAL & IMMUNITY DISORDERS W MCC
2011,815,RETICULOENDOTHELIAL & IMMUNITY DISORDERS W CC
2011,816,RETICULOENDOTHELIAL & IMMUNITY DISORDERS W/O CC/MCC
2011,820,LYMPHOMA & LEUKEMIA W MAJOR O.R. PROCEDURE W MCC
2011,821,LYMPHOMA & LEUKEMIA W MAJOR O.R. PROCEDURE W CC
2011,822,LYMPHOMA & LEUKEMIA W MAJOR O.R. PROCEDURE W/O CC/MCC
2011,823,LYMPHOMA & NON-ACUTE LEUKEMIA W OTHER O.R. PROC W MCC
2011,824,LYMPHOMA & NON-ACUTE LEUKEMIA W OTHER O.R. PROC W CC
2011,825,LYMPHOMA & NON-ACUTE LEUKEMIA W OTHER O.R. PROC W/O CC/MCC
2011,826,MYELOPROLIF DISORD OR POORLY DIFF NEOPL W MAJ O.R. PROC W MCC
2011,827,MYELOPROLIF DISORD OR POORLY DIFF NEOPL W MAJ O.R. PROC W CC
2011,828,MYELOPROLIF DISORD OR POORLY DIFF NEOPL W MAJ O.R. PROC W/O CC/MCC
2011,829,MYELOPROLIF DISORD OR POORLY DIFF NEOPL W OTHER O.R. PROC W CC/MCC
2011,830,MYELOPROLIF DISORD OR POORLY DIFF NEOPL W OTHER O.R. PROC W/O CC/MCC
2011,834,ACUTE LEUKEMIA W/O MAJOR O.R. PROCEDURE W MCC
2011,835,ACUTE LEUKEMIA W/O MAJOR O.R. PROCEDURE W CC
2011,836,ACUTE LEUKEMIA W/O MAJOR O.R. PROCEDURE W/O CC/MCC
2011,837,CHEMO W ACUTE LEUKEMIA AS SDX OR W HIGH DOSE CHEMO AGENT W MCC
2011,838,CHEMO W ACUTE LEUKEMIA AS SDX W CC OR HIGH DOSE CHEMO AGENT
2011,839,CHEMO W ACUTE LEUKEMIA AS SDX W/O CC/MCC
2011,840,LYMPHOMA & NON-ACUTE LEUKEMIA W MCC
2011,841,LYMPHOMA & NON-ACUTE LEUKEMIA W CC
2011,842,LYMPHOMA & NON-ACUTE LEUKEMIA W/O CC/MCC
2011,843,OTHER MYELOPROLIF DIS OR POORLY DIFF NEOPL DIAG W MCC
2011,844,OTHER MYELOPROLIF DIS OR POORLY DIFF NEOPL DIAG W CC
2011,845,OTHER MYELOPROLIF DIS OR POORLY DIFF NEOPL DIAG W/O CC/MCC
2011,846,CHEMOTHERAPY W/O ACUTE LEUKEMIA AS SECONDARY DIAGNOSIS W MCC
2011,847,CHEMOTHERAPY W/O ACUTE LEUKEMIA AS SECONDARY DIAGNOSIS W CC
2011,848,CHEMOTHERAPY W/O ACUTE LEUKEMIA AS SECONDARY DIAGNOSIS W/O CC/MCC
2011,849,RADIOTHERAPY
2011,820,LYMPHOMA & LEUKEMIA W MAJOR O.R. PROCEDURE W MCC
2011,821,LYMPHOMA & LEUKEMIA W MAJOR O.R. PROCEDURE W CC
2011,822,LYMPHOMA & LEUKEMIA W MAJOR O.R. PROCEDURE W/O CC/MCC
2011,823,LYMPHOMA & NON-ACUTE LEUKEMIA W OTHER O.R. PROC W MCC
2011,824,LYMPHOMA & NON-ACUTE LEUKEMIA W OTHER O.R. PROC W CC
2011,825,LYMPHOMA & NON-ACUTE LEUKEMIA W OTHER O.R. PROC W/O CC/MCC
2011,826,MYELOPROLIF DISORD OR POORLY DIFF NEOPL W MAJ O.R. PROC W MCC
2011,827,MYELOPROLIF DISORD OR POORLY DIFF NEOPL W MAJ O.R. PROC W CC
2011,828,MYELOPROLIF DISORD OR POORLY DIFF NEOPL W MAJ O.R. PROC W/O CC/MC
2011,829,MYELOPROLIF DISORD OR POORLY DIFF NEOPL W OTHER O.R. PROC W CC/MC
2011,830,MYELOPROLIF DISORD OR POORLY DIFF NEOPL W OTHER O.R. PROC W/O CC/
2011,834,ACUTE LEUKEMIA W/O MAJOR O.R. PROCEDURE W MCC
2011,835,ACUTE LEUKEMIA W/O MAJOR O.R. PROCEDURE W CC
2011,836,ACUTE LEUKEMIA W/O MAJOR O.R. PROCEDURE W/O CC/MCC
2011,837,CHEMO W ACUTE LEUKEMIA AS SDX OR W HIGH DOSE CHEMO AGENT W MCC
2011,838,CHEMO W ACUTE LEUKEMIA AS SDX W CC OR HIGH DOSE CHEMO AGENT
2011,839,CHEMO W ACUTE LEUKEMIA AS SDX W/O CC/MCC
2011,840,LYMPHOMA & NON-ACUTE LEUKEMIA W MCC
2011,841,LYMPHOMA & NON-ACUTE LEUKEMIA W CC
2011,842,LYMPHOMA & NON-ACUTE LEUKEMIA W/O CC/MCC
2011,843,OTHER MYELOPROLIF DIS OR POORLY DIFF NEOPL DIAG W MCC
2011,844,OTHER MYELOPROLIF DIS OR POORLY DIFF NEOPL DIAG W CC
2011,845,OTHER MYELOPROLIF DIS OR POORLY DIFF NEOPL DIAG W/O CC/MCC
2011,846,CHEMOTHERAPY W/O ACUTE LEUKEMIA AS SECONDARY DIAGNOSIS W MCC
2011,847,CHEMOTHERAPY W/O ACUTE LEUKEMIA AS SECONDARY DIAGNOSIS W CC
2011,848,CHEMOTHERAPY W/O ACUTE LEUKEMIA AS SECONDARY DIAGNOSIS W/O CC/MCC
2011,849,RADIOTHERAPY
2011,853,INFECTIOUS & PARASITIC DISEASES W O.R. PROCEDURE W MCC
2011,854,INFECTIOUS & PARASITIC DISEASES W O.R. PROCEDURE W CC
2011,855,INFECTIOUS & PARASITIC DISEASES W O.R. PROCEDURE W/O CC/MCC
2011,856,POSTOPERATIVE OR POST-TRAUMATIC INFECTIONS W O.R. PROC W MCC
2011,857,POSTOPERATIVE OR POST-TRAUMATIC INFECTIONS W O.R. PROC W CC
2011,858,POSTOPERATIVE OR POST-TRAUMATIC INFECTIONS W O.R. PROC W/O CC/MCC
2011,862,POSTOPERATIVE & POST-TRAUMATIC INFECTIONS W MCC
2011,863,POSTOPERATIVE & POST-TRAUMATIC INFECTIONS W/O MCC
2011,864,FEVER
2011,865,VIRAL ILLNESS W MCC
2011,866,VIRAL ILLNESS W/O MCC
2011,867,OTHER INFECTIOUS & PARASITIC DISEASES DIAGNOSES W MCC
2011,868,OTHER INFECTIOUS & PARASITIC DISEASES DIAGNOSES W CC
2011,869,OTHER INFECTIOUS & PARASITIC DISEASES DIAGNOSES W/O CC/MCC
2011,870,SEPTICEMIA OR SEVERE SEPSIS W MV 96+ HOURS
2011,871,SEPTICEMIA OR SEVERE SEPSIS W/O MV 96+ HOURS W MCC
2011,872,SEPTICEMIA OR SEVERE SEPSIS W/O MV 96+ HOURS W/O MCC
2011,853,INFECTIOUS & PARASITIC DISEASES W O.R. PROCEDURE W MCC
2011,854,INFECTIOUS & PARASITIC DISEASES W O.R. PROCEDURE W CC
2011,855,INFECTIOUS & PARASITIC DISEASES W O.R. PROCEDURE W/O CC/MCC
2011,856,POSTOPERATIVE OR POST-TRAUMATIC INFECTIONS W O.R. PROC W MCC
2011,857,POSTOPERATIVE OR POST-TRAUMATIC INFECTIONS W O.R. PROC W CC
2011,858,POSTOPERATIVE OR POST-TRAUMATIC INFECTIONS W O.R. PROC W/O CC/MCC
2011,862,POSTOPERATIVE & POST-TRAUMATIC INFECTIONS W MCC
2011,863,POSTOPERATIVE & POST-TRAUMATIC INFECTIONS W/O MCC
2011,864,FEVER
2011,865,VIRAL ILLNESS W MCC
2011,866,VIRAL ILLNESS W/O MCC
2011,867,OTHER INFECTIOUS & PARASITIC DISEASES DIAGNOSES W MCC
2011,868,OTHER INFECTIOUS & PARASITIC DISEASES DIAGNOSES W CC
2011,869,OTHER INFECTIOUS & PARASITIC DISEASES DIAGNOSES W/O CC/MCC
2011,870,SEPTICEMIA OR SEVERE SEPSIS W MV 96+ HOURS
2011,871,SEPTICEMIA OR SEVERE SEPSIS W/O MV 96+ HOURS W MCC
2011,872,SEPTICEMIA OR SEVERE SEPSIS W/O MV 96+ HOURS W/O MCC
2011,876,O.R. PROCEDURE W PRINCIPAL DIAGNOSES OF MENTAL ILLNESS
2011,880,ACUTE ADJUSTMENT REACTION & PSYCHOSOCIAL DYSFUNCTION
2011,881,DEPRESSIVE NEUROSES
2011,882,NEUROSES EXCEPT DEPRESSIVE
2011,883,DISORDERS OF PERSONALITY & IMPULSE CONTROL
2011,884,ORGANIC DISTURBANCES & MENTAL RETARDATION
2011,885,PSYCHOSES
2011,886,BEHAVIORAL & DEVELOPMENTAL DISORDERS
2011,887,OTHER MENTAL DISORDER DIAGNOSES
2011,876,O.R. PROCEDURE W PRINCIPAL DIAGNOSES OF MENTAL ILLNESS
2011,880,ACUTE ADJUSTMENT REACTION & PSYCHOSOCIAL DYSFUNCTION
2011,881,DEPRESSIVE NEUROSES
2011,882,NEUROSES EXCEPT DEPRESSIVE
2011,883,DISORDERS OF PERSONALITY & IMPULSE CONTROL
2011,884,ORGANIC DISTURBANCES & MENTAL RETARDATION
2011,885,PSYCHOSES
2011,886,BEHAVIORAL & DEVELOPMENTAL DISORDERS
2011,887,OTHER MENTAL DISORDER DIAGNOSES
2011,894,"ALCOHOL/DRUG ABUSE OR DEPENDENCE, LEFT AMA"
2011,895,ALCOHOL/DRUG ABUSE OR DEPENDENCE W REHABILITATION THERAPY
2011,896,ALCOHOL/DRUG ABUSE OR DEPENDENCE W/O REHABILITATION THERAPY W MCC
2011,897,ALCOHOL/DRUG ABUSE OR DEPENDENCE W/O REHABILITATION THERAPY W/O MCC
2011,894,"ALCOHOL/DRUG ABUSE OR DEPENDENCE, LEFT AMA"
2011,895,ALCOHOL/DRUG ABUSE OR DEPENDENCE W REHABILITATION THERAPY
2011,896,ALCOHOL/DRUG ABUSE OR DEPENDENCE W/O REHABILITATION THERAPY W MCC
2011,897,ALCOHOL/DRUG ABUSE OR DEPENDENCE W/O REHABILITATION THERAPY W/O M
2011,901,WOUND DEBRIDEMENTS FOR INJURIES W MCC
2011,902,WOUND DEBRIDEMENTS FOR INJURIES W CC
2011,903,WOUND DEBRIDEMENTS FOR INJURIES W/O CC/MCC
2011,904,SKIN GRAFTS FOR INJURIES W CC/MCC
2011,905,SKIN GRAFTS FOR INJURIES W/O CC/MCC
2011,906,HAND PROCEDURES FOR INJURIES
2011,907,OTHER O.R. PROCEDURES FOR INJURIES W MCC
2011,908,OTHER O.R. PROCEDURES FOR INJURIES W CC
2011,909,OTHER O.R. PROCEDURES FOR INJURIES W/O CC/MCC
2011,913,TRAUMATIC INJURY W MCC
2011,914,TRAUMATIC INJURY W/O MCC
2011,915,ALLERGIC REACTIONS W MCC
2011,916,ALLERGIC REACTIONS W/O MCC
2011,917,POISONING & TOXIC EFFECTS OF DRUGS W MCC
2011,918,POISONING & TOXIC EFFECTS OF DRUGS W/O MCC
2011,919,COMPLICATIONS OF TREATMENT W MCC
2011,920,COMPLICATIONS OF TREATMENT W CC
2011,921,COMPLICATIONS OF TREATMENT W/O CC/MCC
2011,922,"OTHER INJURY, POISONING & TOXIC EFFECT DIAG W MCC"
2011,923,"OTHER INJURY, POISONING & TOXIC EFFECT DIAG W/O MCC"
2011,901,WOUND DEBRIDEMENTS FOR INJURIES W MCC
2011,902,WOUND DEBRIDEMENTS FOR INJURIES W CC
2011,903,WOUND DEBRIDEMENTS FOR INJURIES W/O CC/MCC
2011,904,SKIN GRAFTS FOR INJURIES W CC/MCC
2011,905,SKIN GRAFTS FOR INJURIES W/O CC/MCC
2011,906,HAND PROCEDURES FOR INJURIES
2011,907,OTHER O.R. PROCEDURES FOR INJURIES W MCC
2011,908,OTHER O.R. PROCEDURES FOR INJURIES W CC
2011,909,OTHER O.R. PROCEDURES FOR INJURIES W/O CC/MCC
2011,913,TRAUMATIC INJURY W MCC
2011,914,TRAUMATIC INJURY W/O MCC
2011,915,ALLERGIC REACTIONS W MCC
2011,916,ALLERGIC REACTIONS W/O MCC
2011,917,POISONING & TOXIC EFFECTS OF DRUGS W MCC
2011,918,POISONING & TOXIC EFFECTS OF DRUGS W/O MCC
2011,919,COMPLICATIONS OF TREATMENT W MCC
2011,920,COMPLICATIONS OF TREATMENT W CC
2011,921,COMPLICATIONS OF TREATMENT W/O CC/MCC
2011,922,"OTHER INJURY, POISONING & TOXIC EFFECT DIAG W MCC"
2011,923,"OTHER INJURY, POISONING & TOXIC EFFECT DIAG W/O MCC"
2011,927,EXTENSIVE BURNS OR FULL THICKNESS BURNS W MV 96+ HRS W SKIN GRAFT
2011,928,FULL THICKNESS BURN W SKIN GRAFT OR INHAL INJ W CC/MCC
2011,929,FULL THICKNESS BURN W SKIN GRAFT OR INHAL INJ W/O CC/MCC
2011,933,EXTENSIVE BURNS OR FULL THICKNESS BURNS W MV 96+ HRS W/O SKIN GRAFT
2011,934,FULL THICKNESS BURN W/O SKIN GRFT OR INHAL INJ
2011,935,NON-EXTENSIVE BURNS
2011,927,EXTENSIVE BURNS OR FULL THICKNESS BURNS W MV 96+ HRS W SKIN GRAFT
2011,928,FULL THICKNESS BURN W SKIN GRAFT OR INHAL INJ W CC/MCC
2011,929,FULL THICKNESS BURN W SKIN GRAFT OR INHAL INJ W/O CC/MCC
2011,933,EXTENSIVE BURNS OR FULL THICKNESS BURNS W MV 96+ HRS W/O SKIN GRA
2011,934,FULL THICKNESS BURN W/O SKIN GRFT OR INHAL INJ
2011,935,NON-EXTENSIVE BURNS
2011,939,O.R. PROC W DIAGNOSES OF OTHER CONTACT W HEALTH SERVICES W MCC
2011,940,O.R. PROC W DIAGNOSES OF OTHER CONTACT W HEALTH SERVICES W CC
2011,941,O.R. PROC W DIAGNOSES OF OTHER CONTACT W HEALTH SERVICES W/O CC/MCC
2011,945,REHABILITATION W CC/MCC
2011,946,REHABILITATION W/O CC/MCC
2011,947,SIGNS & SYMPTOMS W MCC
2011,948,SIGNS & SYMPTOMS W/O MCC
2011,949,AFTERCARE W CC/MCC
2011,950,AFTERCARE W/O CC/MCC
2011,951,OTHER FACTORS INFLUENCING HEALTH STATUS
2011,939,O.R. PROC W DIAGNOSES OF OTHER CONTACT W HEALTH SERVICES W MCC
2011,940,O.R. PROC W DIAGNOSES OF OTHER CONTACT W HEALTH SERVICES W CC
2011,941,O.R. PROC W DIAGNOSES OF OTHER CONTACT W HEALTH SERVICES W/O CC/M
2011,945,REHABILITATION W CC/MCC
2011,946,REHABILITATION W/O CC/MCC
2011,947,SIGNS & SYMPTOMS W MCC
2011,948,SIGNS & SYMPTOMS W/O MCC
2011,949,AFTERCARE W CC/MCC
2011,950,AFTERCARE W/O CC/MCC
2011,951,OTHER FACTORS INFLUENCING HEALTH STATUS
2011,955,CRANIOTOMY FOR MULTIPLE SIGNIFICANT TRAUMA
2011,956,"LIMB REATTACHMENT, HIP & FEMUR PROC FOR MULTIPLE SIGNIFICANT TRAUMA"
2011,957,OTHER O.R. PROCEDURES FOR MULTIPLE SIGNIFICANT TRAUMA W MCC
2011,958,OTHER O.R. PROCEDURES FOR MULTIPLE SIGNIFICANT TRAUMA W CC
2011,959,OTHER O.R. PROCEDURES FOR MULTIPLE SIGNIFICANT TRAUMA W/O CC/MCC
2011,963,OTHER MULTIPLE SIGNIFICANT TRAUMA W MCC
2011,964,OTHER MULTIPLE SIGNIFICANT TRAUMA W CC
2011,965,OTHER MULTIPLE SIGNIFICANT TRAUMA W/O CC/MCC
2011,955,CRANIOTOMY FOR MULTIPLE SIGNIFICANT TRAUMA
2011,956,"LIMB REATTACHMENT, HIP & FEMUR PROC FOR MULTIPLE SIGNIFICANT TRAU"
2011,957,OTHER O.R. PROCEDURES FOR MULTIPLE SIGNIFICANT TRAUMA W MCC
2011,958,OTHER O.R. PROCEDURES FOR MULTIPLE SIGNIFICANT TRAUMA W CC
2011,959,OTHER O.R. PROCEDURES FOR MULTIPLE SIGNIFICANT TRAUMA W/O CC/MCC
2011,963,OTHER MULTIPLE SIGNIFICANT TRAUMA W MCC
2011,964,OTHER MULTIPLE SIGNIFICANT TRAUMA W CC
2011,965,OTHER MULTIPLE SIGNIFICANT TRAUMA W/O CC/MCC
2011,969,HIV W EXTENSIVE O.R. PROCEDURE W MCC
2011,970,HIV W EXTENSIVE O.R. PROCEDURE W/O MCC
2011,974,HIV W MAJOR RELATED CONDITION W MCC
2011,975,HIV W MAJOR RELATED CONDITION W CC
2011,976,HIV W MAJOR RELATED CONDITION W/O CC/MCC
2011,977,HIV W OR W/O OTHER RELATED CONDITION
2011,969,HIV W EXTENSIVE O.R. PROCEDURE W MCC
2011,970,HIV W EXTENSIVE O.R. PROCEDURE W/O MCC
2011,974,HIV W MAJOR RELATED CONDITION W MCC
2011,975,HIV W MAJOR RELATED CONDITION W CC
2011,976,HIV W MAJOR RELATED CONDITION W/O CC/MCC
2011,977,HIV W OR W/O OTHER RELATED CONDITION
2011,998,PRINCIPAL DIAGNOSIS INVALID AS DISCHARGE DIAGNOSIS
2011,998,PRINCIPAL DIAGNOSIS INVALID AS DISCHARGE DIAGNOSIS
2011,1,HEART TRANSPLANT OR IMPLANT OF HEART ASSIST SYSTEM W MCC
2011,2,HEART TRANSPLANT OR IMPLANT OF HEART ASSIST SYSTEM W/O MCC
2011,3,"ECMO OR TRACH W MV 96+ HRS OR PDX EXC FACE, MOUTH & NECK W MAJ O.R."
2011,4,"TRACH W MV 96+ HRS OR PDX EXC FACE, MOUTH & NECK W/O MAJ O.R."
2011,5,LIVER TRANSPLANT W MCC OR INTESTINAL TRANSPLANT
2011,6,LIVER TRANSPLANT W/O MCC
2011,7,LUNG TRANSPLANT
2011,8,SIMULTANEOUS PANCREAS/KIDNEY TRANSPLANT
2011,10,PANCREAS TRANSPLANT
2011,11,"TRACHEOSTOMY FOR FACE,MOUTH & NECK DIAGNOSES W MCC"
2011,12,"TRACHEOSTOMY FOR FACE,MOUTH & NECK DIAGNOSES W CC"
2011,13,"TRACHEOSTOMY FOR FACE,MOUTH & NECK DIAGNOSES W/O CC/MCC"
2011,14,ALLOGENEIC BONE MARROW TRANSPLANT
2011,15,AUTOLOGOUS BONE MARROW TRANSPLANT
2011,1,HEART TRANSPLANT OR IMPLANT OF HEART ASSIST SYSTEM W MCC
2011,2,HEART TRANSPLANT OR IMPLANT OF HEART ASSIST SYSTEM W/O MCC
2011,3,"ECMO OR TRACH W MV 96+ HRS OR PDX EXC FACE, MOUTH & NECK W MAJ O."
2011,4,"TRACH W MV 96+ HRS OR PDX EXC FACE, MOUTH & NECK W/O MAJ O.R."
2011,5,LIVER TRANSPLANT W MCC OR INTESTINAL TRANSPLANT
2011,6,LIVER TRANSPLANT W/O MCC
2011,7,LUNG TRANSPLANT
2011,8,SIMULTANEOUS PANCREAS/KIDNEY TRANSPLANT
2011,10,PANCREAS TRANSPLANT
2011,11,"TRACHEOSTOMY FOR FACE,MOUTH & NECK DIAGNOSES W MCC"
2011,12,"TRACHEOSTOMY FOR FACE,MOUTH & NECK DIAGNOSES W CC"
2011,13,"TRACHEOSTOMY FOR FACE,MOUTH & NECK DIAGNOSES W/O CC/MCC"
2011,14,ALLOGENEIC BONE MARROW TRANSPLANT
2011,16,AUTOLOGOUS BONE MARROW TRANSPLANT W CC/MCC
2011,17,AUTOLOGOUS BONE MARROW TRANSPLANT W/O CC/MCC
2011,981,EXTENSIVE O.R. PROCEDURE UNRELATED TO PRINCIPAL DIAGNOSIS W MCC
2011,982,EXTENSIVE O.R. PROCEDURE UNRELATED TO PRINCIPAL DIAGNOSIS W CC
2011,983,EXTENSIVE O.R. PROCEDURE UNRELATED TO PRINCIPAL DIAGNOSIS W/O CC/MCC
2011,984,PROSTATIC O.R. PROCEDURE UNRELATED TO PRINCIPAL DIAGNOSIS W MCC
2011,985,PROSTATIC O.R. PROCEDURE UNRELATED TO PRINCIPAL DIAGNOSIS W CC
2011,986,PROSTATIC O.R. PROCEDURE UNRELATED TO PRINCIPAL DIAGNOSIS W/O CC/MCC
2011,987,NON-EXTENSIVE O.R. PROC UNRELATED TO PRINCIPAL DIAGNOSIS W MCC
2011,988,NON-EXTENSIVE O.R. PROC UNRELATED TO PRINCIPAL DIAGNOSIS W CC
2011,989,NON-EXTENSIVE O.R. PROC UNRELATED TO PRINCIPAL DIAGNOSIS W/O CC/MCC
2011,981,EXTENSIVE O.R. PROCEDURE UNRELATED TO PRINCIPAL DIAGNOSIS W MCC
2011,982,EXTENSIVE O.R. PROCEDURE UNRELATED TO PRINCIPAL DIAGNOSIS W CC
2011,983,EXTENSIVE O.R. PROCEDURE UNRELATED TO PRINCIPAL DIAGNOSIS W/O CC/
2011,984,PROSTATIC O.R. PROCEDURE UNRELATED TO PRINCIPAL DIAGNOSIS W MCC
2011,985,PROSTATIC O.R. PROCEDURE UNRELATED TO PRINCIPAL DIAGNOSIS W CC
2011,986,PROSTATIC O.R. PROCEDURE UNRELATED TO PRINCIPAL DIAGNOSIS W/O CC/
2011,987,NON-EXTENSIVE O.R. PROC UNRELATED TO PRINCIPAL DIAGNOSIS W MCC
2011,988,NON-EXTENSIVE O.R. PROC UNRELATED TO PRINCIPAL DIAGNOSIS W CC
2011,989,NON-EXTENSIVE O.R. PROC UNRELATED TO PRINCIPAL DIAGNOSIS W/O CC/M